Date,Open,High,Low,Close,Volume,"Daily Change %"
08-Jul-2022,1031,1034.7,1014.55,1026.5,2841036,-0.44
07-Jul-2022,1020.95,1026.9,1016,1020.75,1901699,-0.02
06-Jul-2022,1008,1014.9,1001.6,1009.9,2188175,0.19
05-Jul-2022,1005,1021.9,999,1003.2,3045188,-0.18
04-Jul-2022,1010.7,1013.8,995,999.95,1814322,-1.06
01-Jul-2022,997,1014,989.3,1010.7,1842102,1.37
30-Jun-2022,1016,1026,997,1000,3264301,-1.57
29-Jun-2022,1008,1027.4,1002.55,1021.1,3770663,1.30
28-Jun-2022,1002,1029,984.05,1020.7,2755698,1.87
27-Jun-2022,996,1024.1,996,1007.2,3796002,1.12
24-Jun-2022,1001,1001,974,981.2,4056588,-1.98
23-Jun-2022,981.1,998.55,971.25,991.1,2915172,1.02
22-Jun-2022,996.95,996.95,968,980,2719988,-1.70
21-Jun-2022,991.4,1004.65,980,1000.1,3433536,0.88
20-Jun-2022,965,988.15,948.05,979.35,2985094,1.49
17-Jun-2022,971.1,974.35,943.7,965.05,7043370,-0.62
16-Jun-2022,1024.05,1033.6,971,975.3,5600443,-4.76
15-Jun-2022,1037,1037,1017.8,1020.05,3238141,-1.63
14-Jun-2022,1034,1056.55,1020.4,1030.15,5775453,-0.37
13-Jun-2022,1081.2,1084.6,1050,1051.95,2012004,-2.71
10-Jun-2022,1119,1123.9,1100.25,1109.85,3119792,-0.82
09-Jun-2022,1122,1141.95,1111.65,1138.6,1323539,1.48
08-Jun-2022,1134.9,1139.3,1119.9,1124.2,1303551,-0.94
07-Jun-2022,1130.1,1139.8,1120.7,1130.3,1656444,0.02
06-Jun-2022,1146,1149,1111.1,1144.2,3938875,-0.16
03-Jun-2022,1160,1182,1144.1,1147.9,3229236,-1.04
03-Jun-2022,1140,1155.4,1131.7,1146,3206663,0.53
01-Jun-2022,1186.15,1197,1143.1,1146.6,2419021,-3.33
01-Jun-2022,1152,1192,1148.65,1180.25,9674664,2.45
30-May-2022,1142.9,1170.5,1135.45,1164,2469771,1.85
30-May-2022,1095,1126.2,1092,1123.25,3367600,2.58
27-May-2022,1070,1089.5,1055.95,1078.6,2946857,0.80
25-May-2022,1091.05,1094.9,1045,1060.15,4711542,-2.83
24-May-2022,1148,1151.85,1091,1098.35,3666196,-4.32
24-May-2022,1134,1147.8,1115.65,1142.9,2783695,0.78
20-May-2022,1128,1134.8,1114.75,1130.9,2461651,0.26
20-May-2022,1153,1153.9,1100,1108.35,4393100,-3.87
18-May-2022,1209,1230.5,1168.5,1172.05,5294021,-3.06
17-May-2022,1195.8,1210,1183.15,1198.2,4434968,0.20
17-May-2022,1190,1221,1156.95,1189.05,3474480,-0.08
13-May-2022,1228,1234.55,1195,1202.85,1892084,-2.05
12-May-2022,1209,1232.85,1197.05,1212.8,3110220,0.31
11-May-2022,1243,1265.65,1207.3,1224.45,3244609,-1.49
10-May-2022,1255,1271.45,1235,1242.3,2852416,-1.01
10-May-2022,1280,1280,1210,1261.15,5712061,-1.47
06-May-2022,1239.7,1299,1228.7,1290.75,5745203,4.12
05-May-2022,1232.85,1266.1,1222.15,1263.35,3563713,2.47
04-May-2022,1232.45,1243.95,1200,1212.8,2797667,-1.59
02-May-2022,1240,1249,1224.2,1231.2,2149957,-0.71
29-Apr-2022,1284,1284.8,1248.35,1259,3811317,-1.95
28-Apr-2022,1273.8,1284.4,1250.2,1271.3,2576887,-0.20
27-Apr-2022,1267.75,1274.5,1246.25,1261.25,2382463,-0.51
26-Apr-2022,1281.4,1285.7,1265,1275.45,2568317,-0.46
25-Apr-2022,1295,1297.95,1262.6,1270.4,2686619,-1.90
22-Apr-2022,1305,1324,1292.85,1306.5,1954666,0.11
21-Apr-2022,1313.9,1319,1297.45,1312.7,3728173,-0.09
20-Apr-2022,1305.4,1320.95,1295.75,1309.2,3025261,0.29
19-Apr-2022,1361.85,1361.85,1285.65,1301.2,2677360,-4.45
18-Apr-2022,1390,1390,1330.2,1344.55,3968044,-3.27
13-Apr-2022,1418.1,1428.7,1403.4,1410.45,1430399,-0.54
13-Apr-2022,1436.35,1441.6,1406.45,1415,2021088,-1.49
11-Apr-2022,1455.95,1462.35,1435.65,1449.2,3268704,-0.46
08-Apr-2022,1475,1483.4,1440,1448.75,5402943,-1.78
07-Apr-2022,1454,1474.65,1450.7,1468.55,3336784,1.00
06-Apr-2022,1482,1482,1454,1459.35,2627895,-1.53
05-Apr-2022,1508,1522.5,1480,1489.05,3207223,-1.26
04-Apr-2022,1487.1,1504.3,1483.65,1498.65,1675276,0.78
01-Apr-2022,1499,1502.65,1475.45,1487.1,2537230,-0.79
31-Mar-2022,1496.3,1509.6,1487.2,1499.45,2036984,0.21
30-Mar-2022,1534.3,1534.3,1485,1496.3,3792481,-2.48
29-Mar-2022,1537,1539.55,1519.1,1522.35,2311150,-0.95
28-Mar-2022,1534,1538.95,1516.55,1524.45,1928306,-0.62
25-Mar-2022,1571,1574.95,1522.4,1530.55,1755511,-2.57
24-Mar-2022,1530.15,1571.95,1530.15,1568.55,2085571,2.51
23-Mar-2022,1550,1561.7,1529.2,1542.15,3741783,-0.51
22-Mar-2022,1486.9,1543.95,1475.05,1538.2,3030660,3.45
21-Mar-2022,1495,1520,1476.2,1479.8,2110200,-1.02
17-Mar-2022,1505,1509.95,1487,1493.5,2346185,-0.76
16-Mar-2022,1475.2,1494.5,1468.4,1489.9,1453944,1.00
15-Mar-2022,1514,1515,1448,1458.6,2188506,-3.66
14-Mar-2022,1487,1508.9,1487,1503,1372791,1.08
11-Mar-2022,1476,1491.85,1472.5,1486.8,1116432,0.73
10-Mar-2022,1525,1525.95,1474.5,1485.35,2835942,-2.60
09-Mar-2022,1461.95,1511,1461.95,1504.75,3667977,2.93
08-Mar-2022,1420,1466.9,1420,1461.95,2365949,2.95
07-Mar-2022,1428,1464,1411.05,1424.1,3341715,-0.27
04-Mar-2022,1415,1460,1398.5,1453.6,3567738,2.73
03-Mar-2022,1409.8,1443.6,1405.15,1426.65,2730530,1.20
02-Mar-2022,1400,1420.7,1382.75,1394.35,2160190,-0.40
28-Feb-2022,1380,1419.85,1363.25,1410,4983140,2.17
25-Feb-2022,1355,1400,1350.1,1389.7,1885454,2.56
24-Feb-2022,1370.5,1400,1330,1333,4108603,-2.74
23-Feb-2022,1422,1424.95,1409.2,1413.3,1319711,-0.61
22-Feb-2022,1380.5,1420.7,1375,1412.55,2111878,2.32
21-Feb-2022,1427.15,1440,1410.1,1418.2,2109461,-0.63
18-Feb-2022,1438.45,1445,1417.1,1437.95,2374188,-0.03
17-Feb-2022,1461.45,1461.45,1440.25,1447.55,1669669,-0.95
16-Feb-2022,1450.5,1463.95,1428.85,1444,2164650,-0.45
15-Feb-2022,1404.05,1442.6,1395.05,1439.65,1955525,2.54
14-Feb-2022,1390,1418.8,1371,1390.15,2149302,0.01
11-Feb-2022,1449.85,1449.95,1421,1424.9,2426039,-1.72
10-Feb-2022,1465,1472,1450.3,1468.5,1850405,0.24
09-Feb-2022,1440.05,1470.95,1440.05,1454.8,2282701,1.02
08-Feb-2022,1446.5,1456.15,1420.2,1434.2,1981111,-0.85
07-Feb-2022,1450,1465.75,1434,1444.3,2741520,-0.39
04-Feb-2022,1464,1464.95,1435,1448.2,2406272,-1.08
03-Feb-2022,1478.9,1479.8,1449.1,1454.3,2433692,-1.66
02-Feb-2022,1479.9,1490,1443,1482.95,9031146,0.21
01-Feb-2022,1504,1514.95,1475,1505.75,2542754,0.12
31-Jan-2022,1437,1487.6,1431.5,1479,4406035,2.92
31-Jan-2022,1446,1482.9,1406.25,1410.65,7080683,-2.44
27-Jan-2022,1484.5,1484.5,1430,1445.6,4434890,-2.62
25-Jan-2022,1499,1527.65,1465,1500.6,3910618,0.11
24-Jan-2022,1588,1588,1501.95,1513.15,3250275,-4.71
21-Jan-2022,1650,1653,1588.85,1593.55,4079190,-3.42
20-Jan-2022,1670.1,1673.2,1643.55,1666.9,2440011,-0.19
19-Jan-2022,1663.1,1676.6,1627.55,1670.1,2610709,0.42
18-Jan-2022,1740,1746.55,1650.05,1660.75,4878369,-4.55
17-Jan-2022,1732.95,1751,1720,1722.4,2522806,-0.61
14-Jan-2022,1714.5,1746.8,1696.5,1737.75,1889385,1.36
13-Jan-2022,1730,1748.9,1701.8,1718.8,2768371,-0.65
12-Jan-2022,1754,1755,1721,1730.45,3013194,-1.34
11-Jan-2022,1705,1745,1705,1737.15,2704832,1.89
10-Jan-2022,1719,1725,1687.5,1716,2330348,-0.17
07-Jan-2022,1702,1724.55,1695.1,1703.85,2103362,0.11
06-Jan-2022,1725,1728.85,1690,1692.1,4290750,-1.91
05-Jan-2022,1779.95,1782.95,1733,1737.55,3138050,-2.38
04-Jan-2022,1793,1803.8,1767,1789.8,2701533,-0.18
03-Jan-2022,1795.05,1818,1783,1784.8,1779147,-0.57
31-Dec-2021,1800.2,1813,1783.45,1790.55,2378048,-0.54
31-Dec-2021,1787,1838,1786,1799.95,4650594,0.72
29-Dec-2021,1800.5,1821,1782.75,1786.85,1902921,-0.76
28-Dec-2021,1785,1823,1776.1,1806.1,3605483,1.18
28-Dec-2021,1724.5,1792,1703.65,1785,4512000,3.51
24-Dec-2021,1683.35,1735.2,1680.35,1723.8,3343946,2.40
24-Dec-2021,1670,1691.1,1664.15,1683.8,1715034,0.83
22-Dec-2021,1645,1661.7,1631.75,1659.75,1656110,0.90
21-Dec-2021,1605.5,1655.3,1605.5,1632.95,2237445,1.71
20-Dec-2021,1635,1638.35,1576.6,1598.05,2233189,-2.26
17-Dec-2021,1669.2,1675,1626.9,1642.85,3405084,-1.58
16-Dec-2021,1649,1667.65,1642.2,1652.65,2225836,0.22
15-Dec-2021,1639,1646.3,1615.9,1641.6,1622068,0.16
14-Dec-2021,1640,1665,1625.65,1642.7,2725454,0.16
13-Dec-2021,1605,1655.5,1597.45,1638.15,3163063,2.07
10-Dec-2021,1611,1611.2,1578.55,1602.65,1776362,-0.52
09-Dec-2021,1593,1620,1585,1611.2,1947954,1.14
08-Dec-2021,1582.65,1614.8,1582.05,1604.8,1604565,1.40
07-Dec-2021,1564,1581.35,1536,1576.65,1758254,0.81
06-Dec-2021,1606,1619.55,1546.85,1551.75,2911781,-3.38
03-Dec-2021,1625,1638.25,1589.7,1593.3,2400296,-1.95
02-Dec-2021,1590,1632.5,1580,1629.65,2664202,2.49
01-Dec-2021,1550,1594.4,1550,1587.6,2761193,2.43
30-Nov-2021,1529,1594.45,1526.5,1541.45,5662900,0.81
29-Nov-2021,1515,1545.5,1479.4,1536.65,1995524,1.43
26-Nov-2021,1544,1550,1510.15,1527.4,1522173,-1.08
25-Nov-2021,1531,1564.8,1530.05,1559.35,1557493,1.85
24-Nov-2021,1568.8,1569.9,1530,1538.1,1644163,-1.96
23-Nov-2021,1522,1564.45,1506.3,1560.55,1823592,2.53
22-Nov-2021,1581.8,1581.8,1520,1541.3,1951782,-2.56
18-Nov-2021,1620.2,1624.75,1559.5,1567.75,2938804,-3.24
17-Nov-2021,1598.5,1625,1595,1618.45,2304359,1.25
16-Nov-2021,1585.1,1605,1576,1599.9,2864344,0.93
15-Nov-2021,1585,1601.5,1573.35,1579.15,2448280,-0.37
12-Nov-2021,1538.5,1589.45,1531.3,1585,3713868,3.02
11-Nov-2021,1560,1560,1515,1521.95,3027565,-2.44
10-Nov-2021,1555.95,1573.35,1546.55,1566.6,1299996,0.68
09-Nov-2021,1561,1572,1553,1559.2,2061369,-0.12
08-Nov-2021,1508,1562.8,1504.3,1556.2,3050392,3.20
04-Nov-2021,1509,1515,1501,1505.85,166444,-0.21
03-Nov-2021,1498,1537.7,1493.6,1498.55,2697346,0.04
02-Nov-2021,1522.25,1522.95,1488.05,1490.6,2041689,-2.08
01-Nov-2021,1490,1529.9,1487.05,1522.15,2271900,2.16
01-Nov-2021,1375,1384,1364.8,1371.25,2661824,-0.27
01-Nov-2021,1527.35,1542.75,1467.8,1477.85,3795495,-3.24
28-Oct-2021,1578,1582.85,1526,1533.3,3054565,-2.83
27-Oct-2021,1561.85,1587.1,1527.5,1567.85,3624131,0.38
26-Oct-2021,1571.9,1630,1543,1563.3,16978043,-0.55
25-Oct-2021,1531,1535,1483.8,1524.1,3890467,-0.45
22-Oct-2021,1531,1561.95,1483.75,1517.45,5223521,-0.89
21-Oct-2021,1546.15,1546.15,1476.05,1524.25,4261416,-1.42
20-Oct-2021,1544,1576.5,1515.8,1539.3,5159270,-0.30
19-Oct-2021,1498,1569.8,1477.05,1539.1,8645334,2.74
18-Oct-2021,1420,1486.95,1420,1479.65,3579606,4.20
14-Oct-2021,1432,1459.6,1410.5,1430.8,4328124,-0.08
13-Oct-2021,1386.9,1410,1377,1402.15,1738985,1.10
12-Oct-2021,1399,1402.85,1361,1374.45,2965629,-1.75
11-Oct-2021,1420,1434.45,1385.6,1400.2,3073366,-1.39
08-Oct-2021,1418.5,1447,1418.5,1439.95,2665924,1.51
07-Oct-2021,1397.95,1423.3,1375.65,1417.2,1956325,1.38
06-Oct-2021,1422.9,1426.9,1379.95,1385.65,2769341,-2.62
05-Oct-2021,1399.1,1421,1381,1413.05,2481825,1.00
04-Oct-2021,1371.25,1371.25,1371.25,1371.25,597003,0.00
04-Oct-2021,1384.7,1405.55,1372.05,1399.05,2538936,1.04
30-Sep-2021,1388,1402.65,1377,1380.6,3856630,-0.53
29-Sep-2021,1400,1408.95,1372.75,1395.35,7948104,-0.33
28-Sep-2021,1464.4,1465,1408.4,1414.05,3995669,-3.44
27-Sep-2021,1523,1525,1459.2,1464.4,2728552,-3.85
24-Sep-2021,1530,1547.85,1511.05,1514.75,3592146,-1.00
23-Sep-2021,1525.1,1531,1504,1521.5,2015302,-0.24
22-Sep-2021,1464,1527.9,1456.5,1513.6,5145820,3.39
21-Sep-2021,1439,1466.45,1420.4,1461.7,1713705,1.58
20-Sep-2021,1440,1493.15,1426.35,1431.3,2526342,-0.60
17-Sep-2021,1451,1472,1436.6,1451.55,2861623,0.04
16-Sep-2021,1464.85,1469,1440,1448.35,1800078,-1.13
15-Sep-2021,1442.1,1480,1437.95,1464.85,2410087,1.58
14-Sep-2021,1435,1457,1429.5,1452.05,1554999,1.19
13-Sep-2021,1436,1439.8,1420.35,1429.5,1937241,-0.45
09-Sep-2021,1425.6,1437.9,1414,1433.25,2303457,0.54
08-Sep-2021,1440.2,1442.35,1419.85,1427.85,2256454,-0.86
07-Sep-2021,1468.95,1472.9,1432.3,1435.2,1940043,-2.30
06-Sep-2021,1448,1467.9,1436.1,1461.15,1801171,0.91
03-Sep-2021,1444,1449.7,1425.1,1441.95,1919590,-0.14
02-Sep-2021,1436,1452.55,1421.2,1437.8,3860958,0.13
01-Sep-2021,1450,1468.25,1427.5,1436.3,1829925,-0.94
31-Aug-2021,1424.8,1454,1406.95,1447.65,6392991,1.60
30-Aug-2021,1450,1455,1415.9,1419.2,2742699,-2.12
27-Aug-2021,1449.85,1457.1,1431.2,1445.4,3097939,-0.31
26-Aug-2021,1459.8,1466.75,1444,1449.5,1993944,-0.71
25-Aug-2021,1463,1478,1450,1463.1,3105863,0.01
24-Aug-2021,1421.9,1467,1420,1463.35,5366923,2.92
23-Aug-2021,1415.45,1442.95,1409,1416,3987240,0.04
20-Aug-2021,1370.65,1420,1370.65,1399.2,4051399,2.08
18-Aug-2021,1418,1425,1404.25,1412.5,2939739,-0.39
17-Aug-2021,1372,1428.8,1370.5,1413.7,8042970,3.04
16-Aug-2021,1381.95,1399.95,1360.25,1367.85,2912430,-1.02
13-Aug-2021,1380.1,1390,1365.9,1383.15,4760344,0.22
12-Aug-2021,1323,1394.8,1317.75,1386.55,8613315,4.80
11-Aug-2021,1323.05,1326.75,1298.35,1323.6,3430349,0.04
10-Aug-2021,1288,1329.7,1282.4,1323.05,6314469,2.72
09-Aug-2021,1290.4,1306.8,1266,1287.45,6585101,-0.23
06-Aug-2021,1252,1273,1243.05,1264.6,3894726,1.01
05-Aug-2021,1217.05,1254,1217,1248.2,5790873,2.56
04-Aug-2021,1225.2,1230.4,1213.7,1216.5,1938175,-0.71
03-Aug-2021,1211,1230,1210,1226.25,2603616,1.26
02-Aug-2021,1210,1214,1195.55,1210.7,2385223,0.06
30-Jul-2021,1185,1237.3,1175,1209.55,20425030,2.07
29-Jul-2021,1128.7,1141.35,1115.1,1127.8,3821405,-0.08
28-Jul-2021,1124,1130.7,1106.5,1119.55,2533035,-0.40
27-Jul-2021,1120.2,1127.7,1104.05,1120.85,1397105,0.06
26-Jul-2021,1131,1138.55,1116.55,1120.2,984581,-0.95
23-Jul-2021,1123.95,1141.5,1115.1,1131,2840803,0.63
22-Jul-2021,1080,1152.5,1080,1148.6,7309727,6.35
20-Jul-2021,1095.95,1102.2,1084.9,1087.2,1230858,-0.80
19-Jul-2021,1088,1110.45,1086.1,1094.2,1409001,0.57
16-Jul-2021,1112.4,1118.3,1083.05,1103.15,2323939,-0.83
15-Jul-2021,1078,1119.7,1076.4,1112.45,5922995,3.20
14-Jul-2021,1054,1080,1048,1078.5,3173326,2.32
13-Jul-2021,1062,1062,1048,1050.15,1908081,-1.12
12-Jul-2021,1057,1058.7,1046.1,1056.6,3224820,-0.04
09-Jul-2021,1055.2,1068.8,1049,1051.75,1889035,-0.33
08-Jul-2021,1049,1063.4,1045,1060.15,2171947,1.06
07-Jul-2021,1049.55,1059.5,1030.1,1045.9,3713891,-0.35
06-Jul-2021,1074.65,1074.65,1047.75,1049.55,3865594,-2.34
05-Jul-2021,1093,1094.95,1071.2,1074.65,2597359,-1.68
02-Jul-2021,1087,1097.5,1075,1089.4,1669409,0.22
01-Jul-2021,1096,1099.35,1081,1085.15,1459518,-0.99
30-Jun-2021,1088.2,1105,1083.3,1095.45,1917370,0.67
29-Jun-2021,1109,1109.4,1083,1088.15,2956332,-1.88
28-Jun-2021,1091,1108,1081.1,1105.1,2143755,1.29
25-Jun-2021,1087.4,1103.2,1077,1089.5,3200049,0.19
24-Jun-2021,1056.55,1082.3,1052.5,1080,3617010,2.22
23-Jun-2021,1060,1062.3,1038.45,1056.45,4130539,-0.33
22-Jun-2021,1061.05,1072,1053.7,1057.2,2437289,-0.36
21-Jun-2021,1059,1070.05,1055,1062.9,1074790,0.37
18-Jun-2021,1089.5,1091.6,1055,1070.7,4396398,-1.73
17-Jun-2021,1059.95,1084.7,1057.05,1080.25,3161931,1.92
16-Jun-2021,1070,1077.95,1055,1069.15,1881596,-0.08
15-Jun-2021,1069.25,1093,1061.65,1066.85,3484298,-0.22
14-Jun-2021,1073,1079.35,1058,1069.25,2757666,-0.35
11-Jun-2021,1064.9,1082.4,1054.9,1073,4988857,0.76
10-Jun-2021,1059.7,1074,1056.5,1064.9,3934077,0.49
09-Jun-2021,1057.75,1064.45,1046.2,1052.25,2163655,-0.52
08-Jun-2021,1039,1060.9,1037.05,1057.75,4517995,1.80
07-Jun-2021,1024.95,1038.95,1019.45,1034.4,1745475,0.92
04-Jun-2021,1019.55,1026.95,1011,1019.2,2315912,-0.03
03-Jun-2021,1016.95,1020.75,1007,1014.35,2024676,-0.26
02-Jun-2021,1020.2,1024.7,994,1016.95,5252186,-0.32
01-Jun-2021,1024.7,1032,1013.35,1030.5,1262702,0.57
31-May-2021,1025,1032,1013,1021.65,1801746,-0.33
28-May-2021,1020,1033,1012.6,1026.25,1839013,0.61
27-May-2021,1007,1032,1006.9,1019.8,6393813,1.27
26-May-2021,995.65,1012,993,1007.8,2013788,1.22
25-May-2021,990.05,1001.7,983.8,992.65,2719646,0.26
24-May-2021,979.8,994,975.1,983.7,1830838,0.40
21-May-2021,976.95,986,971.85,980.5,1534262,0.36
20-May-2021,984.8,984.8,965.2,973.1,1769194,-1.19
19-May-2021,969,986.3,962.6,977.65,2152740,0.89
18-May-2021,960.35,979,957.05,970.75,2000985,1.08
17-May-2021,954,957.95,943,953.35,2281200,-0.07
14-May-2021,963,966.45,941.4,952.2,2090820,-1.12
12-May-2021,977,977,950.4,962.35,3070622,-1.50
11-May-2021,984,986.95,970.5,977.05,2029457,-0.71
10-May-2021,985,992.65,973.1,990.5,2036101,0.56
07-May-2021,980,984.25,972.1,980.95,2002597,0.10
06-May-2021,965,984.7,957.85,977.95,4620827,1.34
05-May-2021,972.6,972.6,953.75,960.4,3041045,-1.25
04-May-2021,964,969.9,955.6,960.4,4064221,-0.37
03-May-2021,960,965,955,957.7,3506839,-0.24
30-Apr-2021,973.8,976.9,955.4,960.4,3129105,-1.38
29-Apr-2021,985,985,970.55,976.9,2747579,-0.82
28-Apr-2021,975,980,968,977.4,2968625,0.25
27-Apr-2021,962.7,987.6,944.15,969.25,10497935,0.68
26-Apr-2021,951,970,937,962.2,5053998,1.18
23-Apr-2021,966.5,970.95,945.4,950.2,3916517,-1.69
22-Apr-2021,973.6,985.5,960.65,967.8,5085190,-0.60
20-Apr-2021,996,1007.5,973.35,983.4,4028636,-1.27
19-Apr-2021,999.1,1009.4,983.3,1000.1,2777425,0.10
16-Apr-2021,998,1013.5,996,1010.3,2660763,1.23
15-Apr-2021,1001.85,1007.8,970.3,993.15,4373215,-0.87
13-Apr-2021,1045,1050.25,983,1001.85,6448995,-4.13
12-Apr-2021,1051,1059.05,1016.8,1039.85,7896295,-1.06
09-Apr-2021,1028.95,1056.8,1016.55,1053,6029994,2.34
08-Apr-2021,1008,1049.85,1005,1029,6737118,2.08
07-Apr-2021,992,1005.65,982.1,1002.4,2974419,1.05
06-Apr-2021,1006,1008,988.55,991.35,2395572,-1.46
05-Apr-2021,992,1007.2,978.2,997.7,5118272,0.57
01-Apr-2021,1000,1007.8,986,992.15,3555291,-0.79
31-Mar-2021,1023,1023,989.2,991.45,3780505,-3.08
30-Mar-2021,991.5,1019.8,991.5,1016.9,4303081,2.56
26-Mar-2021,977.9,997.8,977,991,2761824,1.34
25-Mar-2021,992.7,996.9,964.1,968.7,3654840,-2.42
24-Mar-2021,1003.75,1013.35,987.25,992.15,2749823,-1.16
23-Mar-2021,1013.55,1021.5,1000.55,1013.85,3782337,0.03
22-Mar-2021,989.9,1017.4,978.3,1013.55,3873143,2.39
19-Mar-2021,992,1000.75,975.15,989.45,6208000,-0.26
18-Mar-2021,1034,1035,978.6,996.2,3738712,-3.66
17-Mar-2021,1024,1043.2,1015.6,1020.05,3477295,-0.39
16-Mar-2021,1032,1045,1021.1,1026.55,4797715,-0.53
15-Mar-2021,1005,1029.95,1002,1026.65,5203151,2.15
12-Mar-2021,1000,1024.6,996.15,1003.25,4674919,0.33
10-Mar-2021,1002,1016.8,993,1008.75,5268496,0.67
09-Mar-2021,973,998.5,961.55,988.15,2814747,1.56
08-Mar-2021,963,980,962,968.5,2880739,0.57
05-Mar-2021,965.2,980.9,957,959.7,2618145,-0.57
04-Mar-2021,960,994.7,955.6,968.05,5134954,0.84
03-Mar-2021,972.2,980.2,961.45,976,3203532,0.39
02-Mar-2021,944.5,971,942,967.1,3703190,2.39
01-Mar-2021,935.45,957,926.35,936,3429569,0.06
26-Feb-2021,945,948.85,915,918.85,5254937,-2.77
25-Feb-2021,964,969,952.25,957.8,3682791,-0.64
24-Feb-2021,950,963.9,936.65,960.05,1686531,1.06
23-Feb-2021,952,962.75,931,945.75,4120032,-0.66
22-Feb-2021,998.95,1011,941.9,950.7,5946290,-4.83
19-Feb-2021,1013.65,1019.2,972.65,993.95,4357699,-1.94
18-Feb-2021,982,1015.5,981.5,1010.6,6742595,2.91
17-Feb-2021,989,996.6,971.4,980.45,2227724,-0.86
16-Feb-2021,990,1000,973.5,986.8,3912433,-0.32
15-Feb-2021,996,996,977.5,979.2,2487825,-1.69
12-Feb-2021,990,1009,986.25,991.2,5863879,0.12
11-Feb-2021,975,988.65,972.85,985.6,2070435,1.09
10-Feb-2021,975.5,980.25,957.6,974.9,2776301,-0.06
09-Feb-2021,978.6,999.8,967.25,975.1,3086774,-0.36
08-Feb-2021,969.8,993,960.55,982.55,3713579,1.31
05-Feb-2021,972.35,980.85,950.05,959.4,3077720,-1.33
04-Feb-2021,987.95,988,964.3,969.2,4232910,-1.90
03-Feb-2021,965,1000,960.1,981.45,5640121,1.70
02-Feb-2021,955,972.9,937.5,957.2,4971530,0.23
01-Feb-2021,961.9,961.9,921.15,941.75,6321189,-2.09
29-Jan-2021,990.1,995.9,956,961.4,4425911,-2.90
28-Jan-2021,990,990,965,981.6,4274190,-0.85
27-Jan-2021,978,1004.9,973.65,997.1,6975618,1.95
25-Jan-2021,985.85,997.9,962.2,972.05,2751784,-1.40
22-Jan-2021,1004.7,1005,975,980.85,3922421,-2.37
21-Jan-2021,1026,1033.35,994.5,1004.7,3911527,-2.08
20-Jan-2021,997,1023.4,997,1019.45,4687853,2.25
19-Jan-2021,1006.6,1008.45,987.2,992.5,4416027,-1.40
18-Jan-2021,998,1013.8,991.95,998.25,4659705,0.03
15-Jan-2021,1049.5,1062.8,1002.65,1007.3,6063896,-4.02
14-Jan-2021,1064,1064,1030,1052.6,4765344,-1.07
13-Jan-2021,1074,1078.75,1050.05,1069.65,4671772,-0.41
12-Jan-2021,1077.6,1077.65,1053,1064.2,4257926,-1.24
11-Jan-2021,1062.1,1081.55,1040.5,1077.6,6488791,1.46
08-Jan-2021,1007.75,1060,1005.45,1051.1,9279370,4.30
07-Jan-2021,1005.5,1010,988.6,994.75,3354950,-1.07
06-Jan-2021,1004,1026,983.35,997.15,4677359,-0.68
05-Jan-2021,1002.5,1007.95,991.3,1003.85,4040321,0.13
04-Jan-2021,980.6,1005,975,1001.95,3515825,2.18
01-Jan-2021,976,981.2,971.2,977.95,1268291,0.20
31-Dec-2020,981.95,986.4,968.7,973.2,2859399,-0.89
30-Dec-2020,970,985,967.8,983.25,6389605,1.37
29-Dec-2020,948,968.25,943.85,965.65,4392641,1.86
28-Dec-2020,947.25,956.45,944.25,947.1,1870669,-0.02
24-Dec-2020,951,956,934.8,947.25,2510775,-0.39
23-Dec-2020,946.55,959.75,941,948.15,5456681,0.17
22-Dec-2020,910,948.9,903.2,944.65,5537682,3.81
21-Dec-2020,928.15,944.65,890,906.85,4187948,-2.29
18-Dec-2020,935,947,928.3,933.8,5563979,-0.13
17-Dec-2020,921.55,932.75,912.4,930.1,2706570,0.93
16-Dec-2020,935,935,917,921.55,2799394,-1.44
15-Dec-2020,900.35,928.65,898.45,927.05,3490143,2.97
14-Dec-2020,924,924.25,906.05,909.4,3239051,-1.58
11-Dec-2020,922.2,931,916.45,919.4,2398423,-0.30
10-Dec-2020,925,932.6,917.1,927.3,2608358,0.25
09-Dec-2020,938,939.7,925.9,929.5,4157078,-0.91
08-Dec-2020,945,947.2,922.7,932.3,4399638,-1.34
07-Dec-2020,915.5,950.85,914,944.3,3973325,3.15
04-Dec-2020,915,929.3,907.05,923.1,4302626,0.89
03-Dec-2020,913,920.6,902.95,915.15,5705020,0.24
02-Dec-2020,897.05,912.5,887.2,908.7,5516684,1.30
01-Dec-2020,900,914.15,871.65,907.3,5821698,0.81
27-Nov-2020,864,885.95,855.3,876.85,16482729,1.49
26-Nov-2020,866.5,867.95,846.7,857.05,5169423,-1.09
25-Nov-2020,875,880,855.25,862.25,4445185,-1.46
24-Nov-2020,870,890,864.3,877.65,7068121,0.88
23-Nov-2020,838,869.4,836.75,865.75,6251814,3.31
20-Nov-2020,829,844.95,826.4,837.55,6063818,1.03
19-Nov-2020,833,849,820,822.9,5593368,-1.21
18-Nov-2020,844,844.9,830.15,836.1,2772377,-0.94
17-Nov-2020,848.55,856.5,830.9,845.25,3635434,-0.39
14-Nov-2020,844,844.95,837.95,840.15,214282,-0.46
13-Nov-2020,838,845.7,833.35,838.85,2839192,0.10
12-Nov-2020,837,848,834.55,843.25,3150886,0.75
11-Nov-2020,820,840.65,812.45,837.5,5387431,2.13
10-Nov-2020,872,872,819.1,821.3,6889383,-5.81
09-Nov-2020,859,877,855.25,872.75,4297119,1.60
06-Nov-2020,835,854,824.1,851.15,4123331,1.93
05-Nov-2020,836,849.7,833.75,840.7,4269675,0.56
04-Nov-2020,816,836,812.6,826.85,5017595,1.33
03-Nov-2020,821,825,804.3,808.1,4599741,-1.57
02-Nov-2020,821.4,824.8,809.4,814.65,4433983,-0.82
30-Oct-2020,806.7,818.65,802.7,813.3,6189611,0.82
29-Oct-2020,790,809.4,781.85,804.25,6477349,1.80
28-Oct-2020,830,836.45,801,804.3,6829430,-3.10
27-Oct-2020,826.4,833.75,816,828.65,5479547,0.27
26-Oct-2020,830,854.7,814,819.25,9770664,-1.30
23-Oct-2020,840,857.45,833.55,848.25,7356768,0.98
22-Oct-2020,844.85,853.9,828.8,837.45,3962662,-0.88
21-Oct-2020,851.1,857.2,833.95,845.9,4818496,-0.61
20-Oct-2020,820.6,852.9,819.6,849.85,7382532,3.56
19-Oct-2020,828,836.6,817.6,824.15,4558879,-0.46
16-Oct-2020,813.2,828.3,798.8,822.75,7978997,1.17
15-Oct-2020,853,858.35,806.7,812.4,8893099,-4.76
14-Oct-2020,869,873.8,845.6,848.85,5346619,-2.32
13-Oct-2020,856.9,879.9,851,868.2,7327536,1.32
12-Oct-2020,861,864.8,848.4,856.9,3343240,-0.48
09-Oct-2020,860.5,862.45,845.25,854.15,5306816,-0.74
08-Oct-2020,862,887.55,857.65,860.3,11398850,-0.20
07-Oct-2020,847,848.15,837.25,846.35,3943818,-0.08
06-Oct-2020,854.95,854.95,832.5,847.4,4902536,-0.88
05-Oct-2020,822.55,850.95,821.85,841.25,8551126,2.27
01-Oct-2020,798.2,825.35,797.85,822.5,10104769,3.04
30-Sep-2020,773,794.8,765.65,791.75,5433724,2.43
29-Sep-2020,785,790,764,768.15,7041880,-2.15
28-Sep-2020,779.35,784.4,772,779.4,3604523,0.01
25-Sep-2020,755.05,777.35,748.65,772.35,6986586,2.29
24-Sep-2020,787.95,787.95,747.55,751.85,5929194,-4.58
23-Sep-2020,812.45,812.45,783.1,793.05,6091530,-2.39
22-Sep-2020,793,811,772,800.45,9053627,0.94
21-Sep-2020,807,830,784.3,787.25,10789252,-2.45
18-Sep-2020,793,808.8,788,804.65,6281494,1.47
17-Sep-2020,788,811.45,781.3,786.95,7591229,-0.13
16-Sep-2020,792,794.25,784,792,4279453,0.00
15-Sep-2020,790.75,803.1,775,791.15,6339804,0.05
14-Sep-2020,770.15,796.6,770,790.75,9022087,2.67
11-Sep-2020,749.4,770.6,747.5,765.15,4918291,2.10
10-Sep-2020,756.65,758.4,739.3,750,3737568,-0.88
09-Sep-2020,751.95,759.95,744.7,753.35,3038406,0.19
08-Sep-2020,748.5,769,745,752.25,5237384,0.50
07-Sep-2020,749.7,751.9,734.05,747.1,3367905,-0.35
04-Sep-2020,747,758.4,743.55,748.2,2954870,0.16
03-Sep-2020,739.95,762,733.1,759.55,4606252,2.65
02-Sep-2020,730.15,745.75,728.15,735.2,3467486,0.69
01-Sep-2020,739,752.6,722.7,727.85,3563913,-1.51
31-Aug-2020,759.7,774.7,732.1,741,7224585,-2.46
28-Aug-2020,741,758.35,740,752.35,4223382,1.53
27-Aug-2020,735,746.35,732.45,735.6,3207128,0.08
26-Aug-2020,740.95,741,727,732.85,3157124,-1.09
25-Aug-2020,727,740.35,714.35,738.6,4586918,1.60
24-Aug-2020,734.95,734.95,719.25,722.5,2385907,-1.69
21-Aug-2020,731,736.65,730,732.6,4207709,0.22
20-Aug-2020,720,732,716.2,726.4,6610632,0.89
19-Aug-2020,715,729,709,726.7,6507682,1.64
18-Aug-2020,725,728,710.2,713.05,4752247,-1.65
17-Aug-2020,704.8,724.4,698.65,721.05,7657252,2.31
14-Aug-2020,692,711,692,695.9,6476600,0.56
13-Aug-2020,695.9,705.8,684.3,697.05,7108877,0.17
12-Aug-2020,675,694,672.65,692.05,4355483,2.53
11-Aug-2020,690.1,693.95,672.1,674.8,4331864,-2.22
10-Aug-2020,668,687.35,662.7,681.85,5362306,2.07
07-Aug-2020,657.75,668,654.4,662.45,3823898,0.71
06-Aug-2020,656,666.85,649.15,660.35,8644011,0.66
05-Aug-2020,655,661.5,642.55,648.55,5139376,-0.98
04-Aug-2020,675,676.65,650.2,652.65,5559111,-3.31
03-Aug-2020,685.95,686.95,669.55,673.6,3092997,-1.80
31-Jul-2020,678.45,685.45,673.5,681.65,3114816,0.47
30-Jul-2020,680,687.35,669.55,674.75,5126995,-0.77
29-Jul-2020,686.95,695.25,671,676.4,5436739,-1.54
28-Jul-2020,670,702.75,667,684.35,23296517,2.14
27-Jul-2020,657,671.75,642.8,664.55,11522408,1.15
24-Jul-2020,632.5,655.4,625.25,652.6,12277458,3.18
23-Jul-2020,612.95,634.6,607,632.45,5038614,3.18
22-Jul-2020,618,626.45,611.55,617.95,2879839,-0.01
21-Jul-2020,630,631.8,615.35,620.7,4218958,-1.48
20-Jul-2020,603.85,625.95,598.5,622.85,5461611,3.15
17-Jul-2020,604.35,604.35,590.2,599.7,3307397,-0.77
16-Jul-2020,627,638.95,588.1,599.4,13010078,-4.40
15-Jul-2020,604,630,602,615.3,11907668,1.87
14-Jul-2020,594.95,603.8,592.55,598.3,5525648,0.56
13-Jul-2020,571.95,601.8,570.5,600.05,11008262,4.91
10-Jul-2020,572,572,561.35,569,3959576,-0.52
09-Jul-2020,583.45,587.7,572.05,577.3,2498149,-1.05
08-Jul-2020,589.95,593.9,576.1,583.45,3391025,-1.10
07-Jul-2020,583.85,592.5,577.1,586.85,5126702,0.51
06-Jul-2020,574.95,588,573.05,581.55,4909648,1.15
03-Jul-2020,565.9,572.25,561.05,567.2,4007492,0.23
02-Jul-2020,549.9,562.5,542.5,560.85,5966758,1.99
01-Jul-2020,544,547.35,536.05,545.9,3662565,0.35
30-Jun-2020,547,548.9,541.55,543.4,2357985,-0.66
29-Jun-2020,558.9,558.9,539.2,541.55,3304988,-3.10
26-Jun-2020,555.5,574.95,552.6,560.85,5289122,0.96
25-Jun-2020,558,565.6,552.05,554.15,2386985,-0.69
24-Jun-2020,558.8,566,554.4,560.95,3500487,0.38
23-Jun-2020,548,560.1,544.55,558.8,4438916,1.97
22-Jun-2020,541.9,553.25,538.3,548.5,4352631,1.22
19-Jun-2020,538.5,542.95,531.9,538.85,5570402,0.06
18-Jun-2020,535.05,540,531,535.9,2658699,0.16
17-Jun-2020,531,545,528.4,535.55,6139354,0.86
16-Jun-2020,556.95,556.95,531.15,533.3,4262601,-4.25
15-Jun-2020,557,560.5,543.4,548.8,3944764,-1.47
12-Jun-2020,550,561.9,550,554.7,3603893,0.85
11-Jun-2020,591,591,564.75,571.85,3378491,-3.24
10-Jun-2020,591.5,596.9,582.5,590.5,3439145,-0.17
09-Jun-2020,594,605.35,585,586.2,5665593,-1.31
08-Jun-2020,585.8,599.45,580.1,590,4791171,0.72
05-Jun-2020,588,593.55,575,579.85,6207097,-1.39
04-Jun-2020,557,585,555.65,582.1,10915377,4.51
03-Jun-2020,554,565.5,550,553.25,4942025,-0.14
02-Jun-2020,543.6,548.35,538,547.5,3879118,0.72
01-Jun-2020,538.5,554.8,537.05,543.55,4914055,0.94
29-May-2020,529.9,535.65,524.45,530.45,4081553,0.10
28-May-2020,528,531.85,517.15,529.7,3387687,0.32
27-May-2020,521.65,526,512.05,523.75,2265985,0.40
26-May-2020,533,540.75,518.85,520.45,2719798,-2.35
22-May-2020,517.1,531,515.1,529.65,4254552,2.43
21-May-2020,519.95,521.5,510.05,520.05,2540109,0.02
20-May-2020,515,524.8,510.7,519.2,2772990,0.82
19-May-2020,510,519.7,503.3,512.6,3041594,0.51
18-May-2020,511.5,515,501.5,504.05,3283983,-1.46
15-May-2020,520,520,507.4,510.55,3628560,-1.82
14-May-2020,532.4,535,513.95,515.7,6148509,-3.14
13-May-2020,542,549.75,531.4,544.75,3296409,0.51
12-May-2020,525,539.5,525,533.25,5692069,1.57
11-May-2020,541.5,543.8,527.2,530.2,4272574,-2.09
08-May-2020,526.9,538.6,519.2,536.2,6016245,1.77
07-May-2020,508,525.85,506.35,516.35,6799899,1.64
06-May-2020,503.75,509.1,490,506.85,3781586,0.62
05-May-2020,506,514,498.2,499.95,5717728,-1.20
04-May-2020,515,519.75,498,502.45,14814583,-2.44
30-Apr-2020,541,552.9,532.35,546.25,8932244,0.97
29-Apr-2020,525.95,536.9,522.1,528.7,6362006,0.52
28-Apr-2020,518,528.5,515.55,520.4,4972775,0.46
27-Apr-2020,511.7,519,506.5,511.7,4032708,0.00
24-Apr-2020,522,532.6,502.1,503.45,4817932,-3.55
23-Apr-2020,519,527.85,509.3,523.7,6096448,0.91
22-Apr-2020,512,521.9,507.05,518.3,2268503,1.23
21-Apr-2020,511,520,505.9,512.95,2950307,0.38
20-Apr-2020,517.95,531.9,512,524.85,4549099,1.33
17-Apr-2020,529.1,532,500,509.85,10839905,-3.64
16-Apr-2020,527,530,508.35,517.65,7001494,-1.77
15-Apr-2020,528,548.6,528,538.65,6316300,2.02
13-Apr-2020,551,551,521.75,526.85,3822647,-4.38
09-Apr-2020,570,582.7,537.55,545.25,5917546,-4.34
08-Apr-2020,539.95,569.8,537,558.9,4113059,3.51
07-Apr-2020,536.5,557.65,535.75,549.85,3532484,2.49
03-Apr-2020,513.75,533.15,510.1,520.9,5826215,1.39
01-Apr-2020,560,560.3,510,511.2,4114437,-8.71
31-Mar-2020,537,575.25,527.85,565.5,3652957,5.31
30-Mar-2020,494,532.35,485.65,526.8,4138338,6.64
27-Mar-2020,525,538.8,498,504.1,4672189,-3.98
26-Mar-2020,539.35,564.9,513,515.2,5979874,-4.48
25-Mar-2020,509,542.85,507.05,526.7,3664272,3.48
24-Mar-2020,487,533.95,487,503.5,4082147,3.39
23-Mar-2020,540,542,471.4,487.2,2912769,-9.78
20-Mar-2020,525.1,595.45,525.1,576.35,6316078,9.76
19-Mar-2020,549.65,577.65,523,530,4932164,-3.58
18-Mar-2020,600,611.25,570.65,579.65,3548532,-3.39
17-Mar-2020,600,617.95,583.3,595.45,3333751,-0.76
16-Mar-2020,634.8,634.8,591,603.4,6499358,-4.95
13-Mar-2020,603.25,670,525.9,655.95,4553639,8.74
12-Mar-2020,676,690,637.1,649.85,3796969,-3.87
11-Mar-2020,681,713.9,666,708.55,4626235,4.05
09-Mar-2020,715,730,696.55,704.8,3429034,-1.43
06-Mar-2020,746.1,749.75,731.4,740.4,2004893,-0.76
05-Mar-2020,769.95,784,752.35,756.1,2126955,-1.80
04-Mar-2020,754,774.85,748,771.3,2685540,2.29
03-Mar-2020,750,757.65,742.1,752.3,2168900,0.31
02-Mar-2020,742,754.45,734.4,744.55,3784522,0.34
28-Feb-2020,789.8,808,732.05,744.4,5959364,-5.75
27-Feb-2020,807,819.7,800.2,809.15,1907768,0.27
26-Feb-2020,820,825.5,808.2,811.45,2212784,-1.04
25-Feb-2020,822,826.8,809.05,822.1,2479975,0.01
24-Feb-2020,828.95,843.9,815.75,820.1,2917544,-1.07
20-Feb-2020,840.15,845.9,826.95,829.6,1066232,-1.26
19-Feb-2020,839,844.85,836.05,840.9,881874,0.23
18-Feb-2020,825.35,840,825.35,838.8,1507814,1.63
17-Feb-2020,835.95,837,827.45,833.25,793328,-0.32
14-Feb-2020,827,838,825.05,834.15,2143044,0.86
13-Feb-2020,822.8,830,814.35,828,1737974,0.63
12-Feb-2020,820,826.45,816.8,821.5,1394424,0.18
11-Feb-2020,813,821.85,811.05,819.95,1143705,0.85
10-Feb-2020,827,827.1,811.5,813.65,1098971,-1.61
07-Feb-2020,817.7,825.45,814.25,824.45,1397438,0.83
06-Feb-2020,812.7,825.95,810.05,817.7,1553656,0.62
05-Feb-2020,810,816,807,814.05,1613898,0.50
04-Feb-2020,794.3,813,794.3,811.1,1779834,2.12
03-Feb-2020,808,818.7,790.5,793.15,3383074,-1.84
01-Feb-2020,796.95,812,765.7,807.55,6476968,1.33
31-Jan-2020,796.85,802.5,783,796.6,3081521,-0.03
30-Jan-2020,805.6,807.95,784,791.35,2493688,-1.77
29-Jan-2020,796.9,807.2,793.55,804.15,2565136,0.91
28-Jan-2020,792.5,795.75,784.6,794.25,1506685,0.22
27-Jan-2020,786,796.25,779.65,791.5,1175606,0.70
24-Jan-2020,765.1,788.75,763.3,787.3,2364265,2.90
23-Jan-2020,777.25,780.45,766.9,768.95,2018777,-1.07
22-Jan-2020,780,790.45,776.2,778.75,1192201,-0.16
21-Jan-2020,777.25,783.4,775,778.9,976954,0.21
20-Jan-2020,778.5,785.45,774.55,778.2,1620105,-0.04
17-Jan-2020,783.5,786.75,775.5,778.45,989312,-0.64
16-Jan-2020,793,795.7,781.1,782.85,1110008,-1.28
15-Jan-2020,796.15,803.65,788.5,795.15,1759644,-0.13
14-Jan-2020,785.85,797.8,783.7,796.25,1628535,1.32
13-Jan-2020,779.9,788.7,775.05,785.85,1393509,0.76
10-Jan-2020,779,781.9,772.45,776.25,1105725,-0.35
09-Jan-2020,770.5,776.45,762.2,773.65,1678891,0.41
08-Jan-2020,770.1,784.9,767.1,769.8,2596664,-0.04
07-Jan-2020,770,778.5,760.6,777.1,1937143,0.92
06-Jan-2020,774.85,778.8,768.15,770.4,1734439,-0.57
03-Jan-2020,766,779.9,763.55,775.1,2121704,1.19
02-Jan-2020,762.1,769.15,761,766.05,1133488,0.52
01-Jan-2020,766,766.8,760.35,762.1,746371,-0.51
31-Dec-2019,780.05,780.95,760,762.3,3004887,-2.28
30-Dec-2019,782.7,784.85,779.1,782.7,1055528,0.00
27-Dec-2019,771,781.4,769.1,780.2,1363474,1.19
26-Dec-2019,771,779.05,768.05,770.4,1276520,-0.08
24-Dec-2019,776,777.95,767.6,772.05,1413973,-0.51
23-Dec-2019,778.6,787.4,774.95,775.95,1887292,-0.34
20-Dec-2019,784.05,787.7,778,783.35,2092547,-0.09
19-Dec-2019,790,790,778.1,782.75,2099931,-0.92
18-Dec-2019,780.1,794,780.1,786.65,5676894,0.84
17-Dec-2019,775.55,782,772.6,777.35,2421510,0.23
16-Dec-2019,762.7,784,759,773.3,5810893,1.39
13-Dec-2019,758.95,763.95,748.25,761.85,2019424,0.38
12-Dec-2019,761,766,752.5,756.45,1184008,-0.60
11-Dec-2019,741,760,741,757.95,1644499,2.29
10-Dec-2019,749.95,749.95,737.3,744.95,1582428,-0.67
09-Dec-2019,759.45,759.45,746.5,750.35,1435556,-1.20
06-Dec-2019,763.2,771.35,755.55,757.5,1092422,-0.75
05-Dec-2019,755,766.75,752.1,764.9,2475102,1.31
04-Dec-2019,746.9,761.5,743.55,758.8,1870954,1.59
03-Dec-2019,748.05,756.7,743.3,746.25,1838085,-0.24
02-Dec-2019,758.1,759.9,732.3,748.45,4333335,-1.27
29-Nov-2019,766,772.35,758.4,761.45,1236902,-0.59
28-Nov-2019,765.15,772.1,762,766.25,1096867,0.14
27-Nov-2019,762.85,769.55,757.35,767.55,1369944,0.62
26-Nov-2019,766,767.85,756.3,763.6,2968850,-0.31
25-Nov-2019,754.2,765.7,750.85,763.55,1837243,1.24
22-Nov-2019,765,765,742.8,754.2,1819912,-1.41
21-Nov-2019,775,780,762.8,765.15,2102137,-1.27
20-Nov-2019,764.9,773,755.95,771.4,2343750,0.85
19-Nov-2019,754,766,752,763.15,2725437,1.21
18-Nov-2019,752,758.3,747.5,751.8,2216434,-0.03
15-Nov-2019,758.35,763.25,749.3,751.95,1787358,-0.84
14-Nov-2019,756,763.5,748.3,758.35,2564424,0.31
13-Nov-2019,768,773.8,746,757.05,2434874,-1.43
11-Nov-2019,769.95,774.5,768.05,770.4,1345883,0.06
08-Nov-2019,772,777.85,770.3,771.35,2368591,-0.08
07-Nov-2019,775,775,765.05,769.7,2060900,-0.68
06-Nov-2019,784,784,767.6,771.9,9486591,-1.54
05-Nov-2019,772,775.55,764.8,773.25,3303839,0.16
04-Nov-2019,760.45,777.6,753.45,769.5,4936914,1.19
01-Nov-2019,740.9,764,740,760.45,4136257,2.64
31-Oct-2019,754.95,759.35,736.6,739,4178139,-2.11
30-Oct-2019,762,764.8,745.55,754.4,2232609,-1.00
29-Oct-2019,728,763,725.1,754.75,3292048,3.67
28-Oct-2019,723,737.4,718.5,726.75,194215,0.52
25-Oct-2019,730.9,730.9,701.2,720.95,2785014,-1.36
24-Oct-2019,730,745,724.4,726.35,2888332,-0.50
23-Oct-2019,717.65,734.4,716.35,726.6,2143330,1.25
22-Oct-2019,727.4,732,714.3,717.65,2825230,-1.34
18-Oct-2019,724.45,737.75,722.7,734.2,2907649,1.35
17-Oct-2019,725,731,715.95,724.35,2177984,-0.09
16-Oct-2019,720.1,729.75,717.7,727.7,2114943,1.06
15-Oct-2019,724,729,719,720.5,1482881,-0.48
14-Oct-2019,721,728.65,717.45,720.75,1871571,-0.03
11-Oct-2019,701.3,723.9,697.5,721.45,3785425,2.87
10-Oct-2019,708.05,718.85,703.5,711.3,1507268,0.46
09-Oct-2019,702.8,713.9,701.85,711.05,1115851,1.17
07-Oct-2019,708.15,716.8,700.7,704.8,2578403,-0.47
04-Oct-2019,705,713.8,702.55,708.15,2273166,0.45
03-Oct-2019,705.25,717.75,692.55,702.5,2111319,-0.39
01-Oct-2019,715,715,700,704.95,1709480,-1.41
30-Sep-2019,704.5,716.6,696.2,714.5,2136186,1.42
27-Sep-2019,710,718.65,702.05,704.3,2434719,-0.80
26-Sep-2019,705.45,716,701.8,713.7,3300104,1.17
25-Sep-2019,704.05,709.95,698,705.9,3512690,0.26
24-Sep-2019,686.05,705.9,683.7,703.85,3128057,2.59
23-Sep-2019,703,704.95,675.1,682.8,2256769,-2.87
20-Sep-2019,701.3,716.2,696.05,700.85,3394351,-0.06
19-Sep-2019,715.7,715.7,700,703.35,1570183,-1.73
18-Sep-2019,710,718.1,701.9,716.75,1666369,0.95
17-Sep-2019,719.9,719.9,699.15,705.95,2948429,-1.94
16-Sep-2019,710.1,723.25,710.1,719.45,2500556,1.32
13-Sep-2019,705.25,711.3,701,709.5,1073430,0.60
12-Sep-2019,701.1,709.2,694,705.55,3282740,0.63
11-Sep-2019,718,723.25,701.25,703.7,2702792,-1.99
09-Sep-2019,723,723,710,712.9,1754023,-1.40
06-Sep-2019,716.35,734.45,716.35,721.75,10663234,0.75
05-Sep-2019,710,710,691.05,695.45,2019839,-2.05
04-Sep-2019,705,709.75,692.2,703.25,2027768,-0.25
03-Sep-2019,698,716.9,698,704.5,5044667,0.93
30-Aug-2019,693,700.7,675.85,693.65,3067856,0.09
29-Aug-2019,684.15,694,681,691.15,2789979,1.02
28-Aug-2019,676,693.45,676,690.2,2749273,2.10
27-Aug-2019,689.85,689.85,673.2,676.35,3160545,-1.96
26-Aug-2019,689.8,693,670.2,691.15,1767289,0.20
23-Aug-2019,684.25,694.4,679.4,683.85,7015461,-0.06
22-Aug-2019,672.65,684,668.1,682.75,3353812,1.50
21-Aug-2019,670,675,669.3,672.8,2106655,0.42
20-Aug-2019,674,680,664.65,668.9,3913608,-0.76
19-Aug-2019,662,674.4,661.5,670.35,2871173,1.26
16-Aug-2019,656.9,661,646.15,659,3067796,0.32
14-Aug-2019,639.05,662.5,638.9,659.1,2627043,3.14
13-Aug-2019,661.1,662.5,636,639.15,2716622,-3.32
09-Aug-2019,679,680.75,659.75,663.35,3743407,-2.30
08-Aug-2019,674,683.9,665,680.2,2708834,0.92
07-Aug-2019,671.8,678.5,670.3,674.45,3239880,0.39
06-Aug-2019,650.1,679.85,650.1,670.6,7226321,3.15
05-Aug-2019,631.15,651.05,625.3,648.05,3140140,2.68
02-Aug-2019,625,639.1,618.4,636.15,2172845,1.78
01-Aug-2019,632.05,633.45,619,625.65,3982949,-1.01
31-Jul-2019,629,639.8,607.15,636.25,9651731,1.15
30-Jul-2019,645,650.3,633.15,640.25,2882913,-0.74
29-Jul-2019,641,654.65,641,646.3,2524484,0.83
26-Jul-2019,649.7,651,641.05,643.5,1637706,-0.95
25-Jul-2019,647.8,657.65,641.5,652.5,2751865,0.73
24-Jul-2019,670.35,679.8,651.45,660.45,3060459,-1.48
23-Jul-2019,673.25,675.55,665.75,671.2,1462269,-0.30
22-Jul-2019,671,679,670,671.95,1286218,0.14
19-Jul-2019,687.2,691.5,664.4,675.05,2005513,-1.77
18-Jul-2019,687.35,694.25,680.1,687.2,2984256,-0.02
17-Jul-2019,675.95,695.5,673.05,690.8,3271680,2.20
16-Jul-2019,680,681.6,670.5,675.95,2015642,-0.60
15-Jul-2019,675,680.7,665.85,677.9,1883164,0.43
12-Jul-2019,665,672.9,663,665.8,1792810,0.12
11-Jul-2019,676.7,676.7,658.4,665.7,3449721,-1.63
10-Jul-2019,671.05,684.8,668,674.85,2468773,0.57
09-Jul-2019,681,684,668.6,675.9,2180104,-0.75
08-Jul-2019,680,685.75,665.5,680.35,2293102,0.05
05-Jul-2019,700.5,703,678.3,681.1,2813644,-2.77
04-Jul-2019,701.4,706.75,697,700.6,2838357,-0.11
03-Jul-2019,713,713.45,698.5,701.1,2040614,-1.67
02-Jul-2019,702.05,713,700.25,711.65,2432132,1.37
01-Jul-2019,709.7,711.2,702.35,704.65,2073961,-0.71
28-Jun-2019,706.9,715,704.1,706.6,3421172,-0.04
27-Jun-2019,715.5,719,691.65,701.95,8567309,-1.89
26-Jun-2019,721.3,730.85,716.4,718.1,2781711,-0.44
25-Jun-2019,727,728.15,720,724.35,1451025,-0.36
24-Jun-2019,738,738,727,728.25,1242655,-1.32
21-Jun-2019,729,744,726.5,740.45,7280809,1.57
20-Jun-2019,722,731,717.85,725.55,4139025,0.49
19-Jun-2019,742,744.3,729.55,735.6,1945921,-0.86
18-Jun-2019,737.9,744.4,736.05,741.55,1645116,0.49
17-Jun-2019,740,743.15,734.05,736.55,1333739,-0.47
14-Jun-2019,744,746.65,735.3,740.25,1348083,-0.50
13-Jun-2019,744,752.7,738.5,744.1,2385606,0.01
12-Jun-2019,762,764.3,743.3,747.95,3056823,-1.84
11-Jun-2019,770,770.75,759.25,762.1,2069998,-1.03
10-Jun-2019,755.45,769.35,754.05,768.2,2539412,1.69
07-Jun-2019,738.1,752.7,729.4,750.75,1569343,1.71
06-Jun-2019,748.3,749.3,733.9,738,3225967,-1.38
04-Jun-2019,756.3,762.7,746.8,748.3,2332547,-1.06
03-Jun-2019,763.9,763.9,749,757.6,2826290,-0.82
31-May-2019,740,763.8,738.15,760.35,5503111,2.75
30-May-2019,741.5,746,732.95,735,3367426,-0.88
29-May-2019,736.95,748.25,733.65,738.85,2058402,0.26
28-May-2019,727,746.75,727,737.15,5583587,1.40
27-May-2019,737,738,719.5,726.05,3672605,-1.49
24-May-2019,749.9,749.9,732.05,735.85,3591853,-1.87
23-May-2019,760,761.35,740.55,743.3,3764857,-2.20
22-May-2019,758,767.35,744.2,749.95,5888740,-1.06
21-May-2019,780,784.8,768.1,773.05,1669926,-0.89
20-May-2019,790,790,763,779.35,3754370,-1.35
17-May-2019,793,793,776.55,784.85,1608854,-1.03
16-May-2019,788.65,794.75,781.35,789.35,1233818,0.09
15-May-2019,791,798.4,785.55,790.3,1662095,-0.09
14-May-2019,818.8,818.8,786.6,790.05,2701861,-3.51
13-May-2019,811.6,825.7,809.2,817.3,3719275,0.70
10-May-2019,810.4,813.4,800.4,808.4,1429055,-0.25
09-May-2019,801,814.75,799.2,809.65,2024710,1.08
08-May-2019,813,814.1,799.6,802.3,1270071,-1.32
07-May-2019,822,824.3,809.7,814.65,1810222,-0.89
06-May-2019,810,825.5,810,820.15,1247845,1.25
03-May-2019,830,834.45,813,817.4,2329144,-1.52
02-May-2019,834.9,846.5,829.1,837,3241791,0.25
30-Apr-2019,825.95,838,823.1,836.1,2783771,1.23
26-Apr-2019,816.5,826.85,816.5,823.25,1996703,0.83
25-Apr-2019,820,827,813.45,816.5,5447101,-0.43
24-Apr-2019,807,820,806,818.75,2710117,1.46
23-Apr-2019,806.5,807.95,800.05,804.95,1214892,-0.19
22-Apr-2019,800.7,810.8,798.8,805.35,1833972,0.58
18-Apr-2019,804,809,798.1,800.35,6307643,-0.45
16-Apr-2019,799,804.7,795.15,798.1,1868910,-0.11
15-Apr-2019,785.35,799.4,785,797.2,3317405,1.51
12-Apr-2019,779,786.35,774.55,785.35,3162714,0.82
11-Apr-2019,790.4,795.75,778.6,780.95,1854222,-1.20
10-Apr-2019,786.05,798.95,786,790.25,2497013,0.53
09-Apr-2019,790.35,797.7,787.3,789.5,2128462,-0.11
08-Apr-2019,779.7,790,773.4,787.15,1368825,0.96
05-Apr-2019,779,787.1,774.5,777.25,1367411,-0.22
04-Apr-2019,777.9,781.75,767.25,774.5,1751584,-0.44
03-Apr-2019,792.45,793.35,776.25,777.7,1467406,-1.86
02-Apr-2019,790.95,794,785.05,792.45,2596840,0.19
01-Apr-2019,782.85,794.8,779,785.5,3433947,0.34
29-Mar-2019,778.95,781.95,771,775.9,2455461,-0.39
28-Mar-2019,770,782,768.05,771.7,3908706,0.22
27-Mar-2019,771,773,761.6,764.95,3893738,-0.78
26-Mar-2019,790.2,791.9,768.15,770.75,3169827,-2.46
25-Mar-2019,792,795.45,786.4,789.6,1861646,-0.30
22-Mar-2019,794.5,798,783.2,788.75,2815749,-0.72
20-Mar-2019,797,806.2,787.3,789.85,3331375,-0.90
19-Mar-2019,793.5,797.45,783.25,794.65,2413153,0.14
18-Mar-2019,804.95,805.7,782.25,788.6,3379301,-2.03
15-Mar-2019,794,807.5,787,799.3,3854238,0.67
14-Mar-2019,792.1,795,775,788.45,3112666,-0.46
13-Mar-2019,808.9,816,788,789.95,4815576,-2.34
12-Mar-2019,811,813.75,801.15,804.7,2793702,-0.78
11-Mar-2019,812,814.4,803,807.15,2699806,-0.60
08-Mar-2019,810.2,813.5,802.6,811.35,1437045,0.14
07-Mar-2019,823.55,825.45,806.25,808.25,2306250,-1.86
06-Mar-2019,812,829.7,812,823.55,3999053,1.42
05-Mar-2019,822.5,824.7,808.05,810,4927644,-1.52
01-Mar-2019,831,836.5,829.1,831.8,3820707,0.10
28-Feb-2019,833,838.4,825,830.15,6409662,-0.34
27-Feb-2019,836.4,837.95,820.6,825.6,3703224,-1.29
26-Feb-2019,825,838.4,820.6,833.3,3319590,1.01
25-Feb-2019,826,826,826,826,1242783,0.00
25-Feb-2019,830.2,832.9,822.5,830.65,2881535,0.05
22-Feb-2019,824.9,829.75,818.1,826,4789937,0.13
21-Feb-2019,814,840,809.1,820.65,14193982,0.82
20-Feb-2019,794.05,816.25,785.25,812.4,3340240,2.31
19-Feb-2019,807,809,788.85,791,2372030,-1.98
18-Feb-2019,799.65,799.65,799.65,799.65,5142366,0.00
18-Feb-2019,815,822,800.5,803.45,3851335,-1.42
15-Feb-2019,804.8,804.8,777.25,799.65,4312334,-0.64
14-Feb-2019,805.8,811.75,800.4,805.9,2464657,0.01
13-Feb-2019,805,811.1,797.8,809.7,2032331,0.58
12-Feb-2019,809.9,814.9,796.45,805.15,2416559,-0.59
11-Feb-2019,805.55,805.55,805.55,805.55,530337,0.00
11-Feb-2019,809,813.9,804,809.4,2541742,0.05
08-Feb-2019,800,818,800,805.55,5242725,0.69
07-Feb-2019,809,816.2,798.1,805,4966655,-0.49
06-Feb-2019,784,814.5,774,811.35,14860848,3.49
05-Feb-2019,752,760,740.2,751,2446263,-0.13
04-Feb-2019,749,752.25,736.6,749.15,1518373,0.02
01-Feb-2019,732.95,750.6,728,746.6,2260029,1.86
31-Jan-2019,718,736.7,718,731.9,3253640,1.94
30-Jan-2019,732,733.4,711.75,714.6,2139900,-2.38
29-Jan-2019,735.2,742.4,721.4,731.5,3100457,-0.50
28-Jan-2019,732.2,738,721.15,735.15,1804582,0.40
25-Jan-2019,732,735.2,724,729.05,2528541,-0.40
24-Jan-2019,724,730,716.5,727.75,1849102,0.52
23-Jan-2019,714,725.9,711,720.7,1965283,0.94
22-Jan-2019,714,720,701.8,714.2,2839669,0.03
21-Jan-2019,710.35,721.4,709,713.9,2586962,0.50
18-Jan-2019,705,714.2,702.35,709.15,1888004,0.59
17-Jan-2019,699.5,709.1,696,705.55,1434040,0.86
16-Jan-2019,705,705,697,699.9,1922647,-0.72
15-Jan-2019,682.95,710.8,682.05,706.25,2491520,3.41
14-Jan-2019,703,703.1,676.9,679.85,1558602,-3.29
11-Jan-2019,694,701.25,687,699.2,1849817,0.75
10-Jan-2019,695,696.95,689.15,694.55,1454656,-0.06
09-Jan-2019,694.2,701.4,684,693.7,2183998,-0.07
08-Jan-2019,688,692.4,685.2,689.85,1300906,0.27
07-Jan-2019,685,690.85,682.55,687.5,1885000,0.36
04-Jan-2019,694.45,697.05,672.5,681.1,3926171,-1.92
03-Jan-2019,715.05,716,685.25,691.25,3558015,-3.33
02-Jan-2019,719.15,729.7,709.25,712.05,2576769,-0.99
01-Jan-2019,715,721.45,715,719.1,815535,0.57
31-Dec-2018,720,726.45,715.1,723.15,1814655,0.44
28-Dec-2018,710,718.4,710,714,1863654,0.56
27-Dec-2018,702,713.5,696.15,708.9,3018106,0.98
26-Dec-2018,695.9,697.9,686,693.55,1881689,-0.34
24-Dec-2018,699,704.9,690.6,697.9,1472565,-0.16
21-Dec-2018,710,713.5,693,695.75,2063928,-2.01
20-Dec-2018,702,717,702,707.75,1817880,0.82
19-Dec-2018,709,714.05,691.9,709.45,2702676,0.06
18-Dec-2018,715,716.55,704.2,709,1905592,-0.84
17-Dec-2018,712.5,722.5,711.5,719.75,1435014,1.02
14-Dec-2018,709.15,716.8,705.1,712.2,1982037,0.43
13-Dec-2018,706,713,697.1,709.3,2593714,0.47
12-Dec-2018,700,711.2,690.55,705.35,2355119,0.76
11-Dec-2018,690,708.9,685,695.3,3495336,0.77
10-Dec-2018,687,705,680.05,687.9,2334813,0.13
07-Dec-2018,698,703.95,685.15,694.25,2423892,-0.54
06-Dec-2018,724,724,690.6,696.4,3467903,-3.81
06-Dec-2018,711.05,739.9,711.05,726.85,4864922,2.22
06-Dec-2018,706.8,717.65,703.7,712.7,2410009,0.83
06-Dec-2018,706.8,717.65,703.7,712.7,2410009,0.83
06-Dec-2018,688.8,709.9,686.95,705.95,3292579,2.49
05-Dec-2018,706,706,685.25,687.5,2351937,-2.62
28-Nov-2018,701,705.9,692,697.5,2767316,-0.50
27-Nov-2018,695.7,708.3,685.05,694.15,2560757,-0.22
26-Nov-2018,688,698.75,671,694.5,2993915,0.94
22-Nov-2018,702.7,710,685.45,690.8,4031353,-1.69
21-Nov-2018,709.7,709.8,684.25,690.65,3108345,-2.68
20-Nov-2018,732.5,732.5,704.05,709.7,2667937,-3.11
19-Nov-2018,730,734.75,724.25,732.55,2212804,0.35
16-Nov-2018,714.7,732.3,711,728,2874046,1.86
15-Nov-2018,702,721.9,697.35,714.9,4485617,1.84
14-Nov-2018,725,727.9,692.1,700.25,3367710,-3.41
13-Nov-2018,719.95,739.35,718,728.05,4401141,1.13
12-Nov-2018,707.2,731.35,693.1,724.55,4696550,2.45
09-Nov-2018,704,711,696.2,707.2,2573761,0.45
08-Nov-2018,699,699,693,697.25,111376,-0.25
06-Nov-2018,696.35,704.5,691.6,694.55,1752227,-0.26
05-Nov-2018,692,708.7,690.1,696.35,2782174,0.63
02-Nov-2018,721.6,727.85,687.5,690.9,4445407,-4.25
01-Nov-2018,747,747,714.1,720.7,3999401,-3.52
31-Oct-2018,695,748.8,672.45,743.9,13010741,7.04
30-Oct-2018,658,692.45,657.9,685.1,3825436,4.12
29-Oct-2018,663,669.05,644,664.25,1942428,0.19
26-Oct-2018,655.95,656.9,640.4,653.3,1397821,-0.40
25-Oct-2018,660.75,666.15,649.05,651.4,2142283,-1.42
24-Oct-2018,668,675,646,667.4,3180852,-0.09
23-Oct-2018,676,683.9,666,668.25,1656193,-1.15
22-Oct-2018,688,690,664.65,676.55,3293136,-1.66
19-Oct-2018,710,711.55,688.4,690.8,2049802,-2.70
17-Oct-2018,721,735,717.6,720.5,3320857,-0.07
16-Oct-2018,695,727.6,694.55,718.7,2889306,3.41
15-Oct-2018,693.5,709.4,681.45,694.55,4146878,0.15
12-Oct-2018,692.05,702.55,688,693.8,2727205,0.25
11-Oct-2018,680,702.05,677.65,695.45,3611423,2.27
10-Oct-2018,692.1,714,691.05,699.3,3409416,1.04
09-Oct-2018,695,705,690.7,696.1,2729413,0.16
08-Oct-2018,714.5,719.4,683.65,694.9,2643927,-2.74
05-Oct-2018,718,723.9,695.5,714.5,4769105,-0.49
04-Oct-2018,742.55,742.9,713,719.85,6561009,-3.06
03-Oct-2018,764,780.8,744.4,750.15,5236214,-1.81
01-Oct-2018,749,763.5,741.7,759.55,2233369,1.41
28-Sep-2018,738,756,725,745.5,2971384,1.02
27-Sep-2018,748.85,758.95,737.2,746.05,3479414,-0.37
26-Sep-2018,758.55,768.15,739.05,748.85,3224771,-1.28
25-Sep-2018,751.45,772.7,745.1,758.75,2812964,0.97
24-Sep-2018,740,764,737.55,751.45,2811682,1.55
21-Sep-2018,765,769.35,693,738.05,4434535,-3.52
19-Sep-2018,757,772,751.2,769.95,2025718,1.71
18-Sep-2018,769.85,769.85,750,754.7,2206998,-1.97
17-Sep-2018,759.5,772.75,755,767.55,2233000,1.06
14-Sep-2018,739.9,761.8,721.55,760.45,3591403,2.78
12-Sep-2018,750,751.9,728.6,739.8,3934021,-1.36
11-Sep-2018,772,773.8,738.45,747.2,3817364,-3.21
10-Sep-2018,774,776.6,758.65,766.25,2820247,-1.00
07-Sep-2018,775,775,764.2,772.2,2059329,-0.36
06-Sep-2018,767,780,756.25,775.05,3982477,1.05
05-Sep-2018,764.9,779.35,757.25,766.15,6093648,0.16
04-Sep-2018,751.2,766.9,747.4,763.9,4488658,1.69
03-Sep-2018,768,776.5,741.5,745.65,3610990,-2.91
31-Aug-2018,734,768.75,731.25,765.8,7276056,4.33
30-Aug-2018,734.45,737,720.25,731.9,4304298,-0.35
29-Aug-2018,738,741.25,722.45,734.45,3627848,-0.48
28-Aug-2018,740.9,748.9,734.25,736.1,3782709,-0.65
27-Aug-2018,720,742,720,737.95,2968641,2.49
24-Aug-2018,729.5,737,712.6,718.55,3625878,-1.50
23-Aug-2018,710,738,709,726.65,11534012,2.35
21-Aug-2018,695,717.1,694.4,709.4,7918861,2.07
20-Aug-2018,685,697.5,678.25,687.95,3577624,0.43
17-Aug-2018,666,690,659.4,687.7,3955484,3.26
16-Aug-2018,675,680.7,664.25,668.65,3624795,-0.94
14-Aug-2018,663,677.5,660.5,672.8,5529769,1.48
13-Aug-2018,649,667.7,647,659.95,5306724,1.69
11-Aug-2018,648.85,649.8,634.1,645.95,3135726,-0.45
10-Aug-2018,499.8,505,495.65,504.05,1412805,0.85
10-Aug-2018,503.25,508,494.65,497.05,1943344,-1.23
10-Aug-2018,494.5,505.4,491.25,503,2160870,1.72
10-Aug-2018,494,497.9,489.6,493.4,1095301,-0.12
10-Aug-2018,490,497.25,488.55,493.45,1210792,0.70
10-Aug-2018,497.4,498.45,485.3,490.65,1483945,-1.36
10-Aug-2018,496,496,489.35,492.95,1690391,-0.61
10-Aug-2018,496.45,500,494,495.35,2168308,-0.22
10-Aug-2018,497,498.5,489,494,2175527,-0.60
10-Aug-2018,515,518,495,500.75,7010768,-2.77
10-Aug-2018,503,518.15,503,514.25,4105304,2.24
10-Aug-2018,499.1,507.8,498.25,503.6,2052503,0.90
10-Aug-2018,502,506.6,498.05,501.2,4481699,-0.16
10-Aug-2018,496,504.9,493.7,500.65,3215999,0.94
10-Aug-2018,497,499.55,492.7,496.1,2534022,-0.18
10-Aug-2018,472.3,499.5,471.15,497.3,7475829,5.29
10-Aug-2018,466.65,474.7,464.1,472.25,1952199,1.20
10-Aug-2018,474.8,475.25,462.65,465.4,2977968,-1.98
10-Aug-2018,472.5,487,465.95,472.8,2507080,0.06
10-Aug-2018,490,491.8,469.1,472.9,1962459,-3.49
10-Aug-2018,492.35,495.5,487.2,489.25,2729850,-0.63
10-Aug-2018,497.1,500.1,492.8,496.55,1438175,-0.11
10-Aug-2018,499.2,502.8,493.4,499.7,2334856,0.10
10-Aug-2018,493,500,491.1,498.75,1469508,1.17
10-Aug-2018,490,499,490,494.1,1701291,0.84
10-Aug-2018,482.6,493,482.6,489.6,1200242,1.45
10-Aug-2018,494,496.2,479.7,482.6,1932859,-2.31
10-Aug-2018,478,497.75,478,493.85,2242785,3.32
10-Aug-2018,485.95,487.5,475.5,476.8,1527038,-1.88
10-Aug-2018,500,501,482.5,484.55,2140643,-3.09
10-Aug-2018,499,502,488.2,499.9,1376234,0.18
10-Aug-2018,486,499.45,485,496.55,1718584,2.17
10-Aug-2018,491,495,481.4,487.9,1426995,-0.63
10-Aug-2018,487,502,486.8,490.1,2140262,0.64
10-Aug-2018,496,497.75,483.85,491,1871915,-1.01
10-Aug-2018,492,496,486.85,490.25,1803442,-0.36
10-Aug-2018,474.85,492.15,474.1,489.9,3566147,3.17
10-Aug-2018,462,478.45,461.05,470.5,4208801,1.84
10-Aug-2018,462,466.5,458.1,460.45,1701924,-0.34
10-Aug-2018,469,473.75,461.1,463.45,1278344,-1.18
10-Aug-2018,481.5,481.95,460.9,467.95,5545465,-2.81
10-Aug-2018,484.95,498,472.45,488.5,3983511,0.73
10-Aug-2018,486,486.6,476.2,482.05,1509095,-0.81
10-Aug-2018,474.05,488.5,474.05,485.55,3746798,2.43
10-Aug-2018,480,480,472,476.4,1292782,-0.75
10-Aug-2018,469,479.9,462,477.25,2859405,1.76
10-Aug-2018,455,474.1,454,468.1,1583314,2.88
10-Aug-2018,463.4,463.8,453.1,454.8,850860,-1.86
10-Aug-2018,457,465,453.7,463.1,1319264,1.33
10-Aug-2018,456.1,460,456.1,458.35,128310,0.49
10-Aug-2018,472.35,472.4,457.65,458.45,1414945,-2.94
10-Aug-2018,471.05,475.2,468.95,473,787447,0.41
10-Aug-2018,474.85,476.7,470.75,473.8,1101381,-0.22
10-Aug-2018,465.5,475,465.5,474.2,1762764,1.87
10-Aug-2018,474.4,479.9,472.95,476.1,2187256,0.36
10-Aug-2018,464,469.9,461.6,467.25,1624889,0.70
10-Aug-2018,463,467.8,461.4,466.3,1559112,0.71
10-Aug-2018,454,464,454,463.3,997113,2.05
10-Aug-2018,454.4,458.1,447,456.85,1130586,0.54
10-Aug-2018,464.5,464.7,448.55,450.95,1237068,-2.92
10-Aug-2018,465.05,468.5,463.35,465.05,1673214,0.00
10-Aug-2018,456.8,466.8,456,463.3,1901932,1.42
10-Aug-2018,454,459.35,449.55,457.85,1412345,0.85
10-Aug-2018,449,458,443.7,449.95,1908788,0.21
10-Aug-2018,450,458.35,447.35,454.45,3555144,0.99
10-Aug-2018,452,454.15,441.5,447.35,886702,-1.03
10-Aug-2018,455.25,462.45,449.15,451.95,2490162,-0.72
10-Aug-2018,457.5,464.25,453,458.4,2254484,0.20
10-Aug-2018,449,461.7,448.7,460.25,2189490,2.51
10-Aug-2018,450,450,445,448.9,755469,-0.24
10-Aug-2018,445.9,449,442.5,447.75,1001757,0.41
10-Aug-2018,437.35,447.9,437.35,444.3,1959478,1.59
10-Aug-2018,444,451.35,443.3,445.1,1034355,0.25
10-Aug-2018,441.15,453.7,437.3,440.8,2339372,-0.08
10-Aug-2018,441,443,436.1,441.4,1048243,0.09
10-Aug-2018,443,443.95,434,441.4,1357481,-0.36
10-Aug-2018,435,442.5,433.8,441.5,2373479,1.49
10-Aug-2018,426.05,431.7,426.05,430.8,1434311,1.11
10-Aug-2018,426.5,429.9,423.15,426.05,983408,-0.11
10-Aug-2018,425.1,427.2,421,424.6,1553072,-0.12
10-Aug-2018,418.7,430.6,418.05,427.85,3651996,2.19
10-Aug-2018,425,428.7,410.55,416.1,3250373,-2.09
10-Aug-2018,429,430.25,422.6,423.4,1242275,-1.31
10-Aug-2018,434,436,425.05,425.75,2380800,-1.90
10-Aug-2018,428.25,432.5,426.2,428.15,3782413,-0.02
10-Aug-2018,429.95,433.95,423,431.75,3282938,0.42
10-Aug-2018,427.15,436,426.45,427.75,1888194,0.14
10-Aug-2018,440,444.25,427.5,430.2,1576891,-2.23
10-Aug-2018,432,438,425.6,427.7,2607190,-1.00
10-Aug-2018,434,442.75,432.2,439.35,4623000,1.23
10-Aug-2018,429,437,429,431.1,2657468,0.49
10-Aug-2018,420.7,436.4,420.7,428.85,3610728,1.94
10-Aug-2018,425.2,430.05,421.55,424.4,3175256,-0.19
10-Aug-2018,402.2,425.9,400,419.95,5407314,4.41
10-Aug-2018,405.5,412.75,401,402.8,2782291,-0.67
10-Aug-2018,404,408,400,402.2,1213339,-0.45
10-Aug-2018,393,413.7,393,404,4990849,2.80
10-Aug-2018,400,400.35,392.8,393.85,1135609,-1.54
10-Aug-2018,407,409.45,396.65,398.25,2108254,-2.15
10-Aug-2018,408.3,414.9,404.2,406.35,1312508,-0.48
10-Aug-2018,407.6,411.45,406.3,409,1957230,0.34
10-Aug-2018,404,408.5,401.05,407.15,4650231,0.78
10-Aug-2018,402.6,406.4,396.5,402.05,4071990,-0.14
10-Aug-2018,405,413.9,400.05,402.45,12617014,-0.63
10-Aug-2018,381.2,386.55,379.3,385.85,1535812,1.22
10-Aug-2018,379.25,383.45,374.25,381.3,1712222,0.54
10-Aug-2018,385,387.05,375.75,377.25,2627365,-2.01
10-Aug-2018,392.1,393.8,386.65,389.35,1409292,-0.70
10-Aug-2018,399,400.5,390.05,391.1,1358932,-1.98
10-Aug-2018,395,399.95,394.95,399.05,906007,1.03
10-Aug-2018,393.5,398,392.85,394.7,964314,0.30
10-Aug-2018,398.7,400.95,390,391.5,1411026,-1.81
10-Aug-2018,392,398,390.7,396.75,1590684,1.21
10-Aug-2018,389.5,398.2,389.3,391.85,1534113,0.60
10-Aug-2018,391.8,396.35,390.15,391.3,1584011,-0.13
10-Aug-2018,390,393,385.55,388.95,1034584,-0.27
10-Aug-2018,388,391,387.3,389.25,940852,0.32
10-Aug-2018,387,389.6,384.65,387.3,687924,0.08
10-Aug-2018,384.9,393.3,383.15,385.2,2362955,0.08
10-Aug-2018,399,399,369.3,384.1,270762,-3.73
10-Aug-2018,375,380.7,375,380,1642197,1.33
10-Aug-2018,376.5,379.45,373.1,376.3,1964709,-0.05
10-Aug-2018,379.25,381,376.2,377.15,1461628,-0.55
10-Aug-2018,382,384.05,376.35,377.7,1328251,-1.13
10-Aug-2018,382.05,385.25,378.4,381.25,1280684,-0.21
10-Aug-2018,387,387,377.4,382,2365394,-1.29
10-Aug-2018,380.75,394,380,392.25,1883908,3.02
10-Aug-2018,392.25,396,388,388.85,1631484,-0.87
10-Aug-2018,380.7,384.6,378.7,380.1,4315500,-0.16
10-Aug-2018,388.55,389.7,379.85,380.7,1741413,-2.02
10-Aug-2018,392.1,394.75,386,386.95,918944,-1.31
10-Aug-2018,395,396.9,390,390.95,1121823,-1.03
10-Aug-2018,389.4,395.2,385.65,394.35,1458439,1.27
10-Aug-2018,390,393.3,386.6,389.45,992872,-0.14
10-Aug-2018,392,396,388,390.3,1473093,-0.43
10-Aug-2018,396,396.5,392,393.65,1244822,-0.59
10-Aug-2018,395,400,392,396.7,1895223,0.43
10-Aug-2018,385,399.9,380,397.3,2889773,3.19
10-Aug-2018,395,395.9,388,393.4,1753491,-0.41
10-Aug-2018,396.6,396.6,385,386.8,2790651,-2.47
10-Aug-2018,400.1,402.85,396.3,397.4,1811760,-0.67
10-Aug-2018,404.05,414.85,399.55,408.65,2846306,1.14
10-Aug-2018,406.8,409.75,393,399.9,4041108,-1.70
10-Aug-2018,400,405,397,402.75,1922945,0.69
10-Aug-2018,400,401.9,394.75,399.6,4221248,-0.10
10-Aug-2018,390,403.9,389.25,397.7,4032660,1.97
10-Aug-2018,393.1,393.2,386,390,3844462,-0.79
10-Aug-2018,381.65,389.35,380.95,388.3,2800579,1.74
10-Aug-2018,386.25,390,356.65,379.45,17135931,-1.76
10-Aug-2018,428,434,420.15,429.15,2257516,0.27
10-Aug-2018,420,427.9,416.15,426,3098044,1.43
10-Aug-2018,416.5,420,414.35,417.15,2039655,0.16
10-Aug-2018,414,418.65,408.5,415.75,4828731,0.42
10-Aug-2018,425,426,414.2,416.15,2194511,-2.08
10-Aug-2018,429,441.9,420.1,422.3,3934861,-1.56
10-Aug-2018,443,443.5,429,430.85,1754010,-2.74
10-Aug-2018,445,445.9,438.15,442.6,1080719,-0.54
10-Aug-2018,443.4,446.9,441,443.75,1820495,0.08
10-Aug-2018,434.75,444.6,434.65,442.25,2696277,1.73
10-Aug-2018,432,435.9,426.2,434.75,2060011,0.64
10-Aug-2018,428.5,434.3,427.2,430.4,2018816,0.44
10-Aug-2018,422.6,432,420.9,426.2,4402442,0.85
10-Aug-2018,413.4,423,412,421.15,1938018,1.87
10-Aug-2018,418.9,419.4,410.4,413,1541496,-1.41
10-Aug-2018,420,422.8,416.65,419.1,1009112,-0.21
10-Aug-2018,420.9,425,416.65,418.15,1568455,-0.65
10-Aug-2018,419,421.4,418.15,419.85,1746287,0.20
10-Aug-2018,425.5,428.8,416,416.95,1945081,-2.01
10-Aug-2018,426.2,428.7,422.5,424.95,1450414,-0.29
10-Aug-2018,440,441.95,424.1,427.05,3721058,-2.94
10-Aug-2018,432.5,440.1,429.25,438.15,2575089,1.31
10-Aug-2018,430.5,431.3,424.3,429.25,1709076,-0.29
10-Aug-2018,425,431.8,422.2,427.65,2668714,0.62
10-Aug-2018,415,422.8,414.5,420.5,2818261,1.33
10-Aug-2018,419.5,425.5,412.45,414.3,2638642,-1.24
10-Aug-2018,422,425.9,416.95,418.9,2338492,-0.73
10-Aug-2018,429.95,429.95,420.05,421.95,2595117,-1.86
10-Aug-2018,438,442.8,427.85,429.95,1543616,-1.84
10-Aug-2018,446.7,447.35,435.55,437.65,1728894,-2.03
10-Aug-2018,443.1,446.7,440,445.2,1861086,0.47
10-Aug-2018,445,448.7,441.5,443.05,2111378,-0.44
10-Aug-2018,447.95,454.55,442.05,443.2,3125291,-1.06
10-Aug-2018,446.95,448.4,441.3,446.9,1926091,-0.01
10-Aug-2018,454,456.6,445.45,446.95,2902998,-1.55
10-Aug-2018,457,459,450.75,453.1,1914496,-0.85
10-Aug-2018,462,464,454.6,459.15,2581903,-0.62
10-Aug-2018,459.5,463.5,455.5,461.2,4028816,0.37
10-Aug-2018,459,459.9,451.2,458.25,3227158,-0.16
10-Aug-2018,471.7,471.7,454.65,455.7,5722292,-3.39
10-Aug-2018,474,477.65,463.2,468.8,2457180,-1.10
10-Aug-2018,482,482,472,474.15,2203312,-1.63
10-Aug-2018,476.9,483.5,475.6,482.15,3259747,1.10
10-Aug-2018,477,479.5,472.85,475.4,2797599,-0.34
10-Aug-2018,482,484.5,475.05,476.95,4422809,-1.05
10-Aug-2018,483,491,480.1,481.9,3734239,-0.23
10-Aug-2018,485.5,487.8,469.35,484.25,5857451,-0.26
10-Aug-2018,482,483.85,478.5,481.1,4191349,-0.19
10-Aug-2018,483.4,484.75,471.6,479.65,3941570,-0.78
10-Aug-2018,482,485.9,476.2,479.85,4483127,-0.45
10-Aug-2018,493.5,497.3,474.5,475.8,3875776,-3.59
10-Aug-2018,493,495.5,487.55,488.95,1752351,-0.82
10-Aug-2018,499.5,503.1,488.1,491.9,1430424,-1.52
10-Aug-2018,506,507.25,498.6,499.95,3221133,-1.20
10-Aug-2018,499.8,505.75,494.6,499.95,1234125,0.03
10-Aug-2018,501.1,505.35,500,503.7,2136886,0.52
10-Aug-2018,503,505.05,497.3,499.9,2392413,-0.62
10-Aug-2018,488.95,502.2,487.95,499.75,1979476,2.21
10-Aug-2018,506,509,488.45,499.4,31171453,-1.30
10-Aug-2018,500.25,510.05,495,499.8,2250245,-0.09
10-Aug-2018,508,515,499.8,503.65,5868525,-0.86
10-Aug-2018,508.5,511.4,503.6,507.95,3036464,-0.11
10-Aug-2018,500,515.25,500,507.9,3268863,1.58
10-Aug-2018,503.55,507.4,497,499.95,2610984,-0.71
10-Aug-2018,502.3,505,496,503.5,1688519,0.24
10-Aug-2018,494.05,505.5,494.05,504.5,2591411,2.12
10-Aug-2018,503.25,511.6,489.1,495.65,2584154,-1.51
10-Aug-2018,501,508.55,500.35,504.6,2664728,0.72
10-Aug-2018,500,504.7,495.5,499.65,1903851,-0.07
10-Aug-2018,490,503.5,486,499.9,7225481,2.02
10-Aug-2018,477.9,486.75,474.5,485,3013021,1.49
10-Aug-2018,470,483.75,468.8,474.6,1754215,0.98
10-Aug-2018,480,480,469.1,470.85,1794349,-1.91
10-Aug-2018,481.05,488.6,471.2,477.5,2105323,-0.74
10-Aug-2018,464.1,482,464.1,480.45,2677019,3.52
10-Aug-2018,449.7,465,440,461.1,3771089,2.54
10-Aug-2018,452.25,457,436.45,449.7,4061099,-0.56
10-Aug-2018,484.7,484.7,425.5,452.2,7804620,-6.71
10-Aug-2018,467,478,461.2,471.6,3024028,0.99
10-Aug-2018,465.4,470.6,463.2,467.1,1795089,0.37
10-Aug-2018,470.25,473.75,462.2,465.65,3368794,-0.98
10-Aug-2018,471.4,473.5,465.4,469.9,1255925,-0.32
10-Aug-2018,465,471.8,460.8,469.7,1400660,1.01
10-Aug-2018,476,484,466,468.65,1442119,-1.54
10-Aug-2018,480,485.25,477.45,481.4,1586512,0.29
10-Aug-2018,488,494.9,481.5,483.65,1336551,-0.89
10-Aug-2018,488,495,484.7,486.75,1233813,-0.26
10-Aug-2018,488.25,490.55,479,487.15,1258527,-0.23
10-Aug-2018,484.2,492.9,481.9,488.5,2754723,0.89
10-Aug-2018,473.3,478.45,469,474.05,2058634,0.16
10-Aug-2018,475,486.8,472.2,481.2,1970093,1.31
10-Aug-2018,474.35,475,467.65,473.5,1634891,-0.18
10-Aug-2018,465.05,477.9,462,473.45,1812454,1.81
10-Aug-2018,487.5,487.9,466.2,469.75,3307502,-3.64
10-Aug-2018,505,507,485.95,488.1,2295824,-3.35
10-Aug-2018,488.7,495,487.2,491.55,1006546,0.58
10-Aug-2018,490,504.5,488.55,500.6,1989140,2.16
10-Aug-2018,494.5,496.9,486.5,488,1203138,-1.31
10-Aug-2018,602.8,626.2,597,612.65,7244068,1.63
10-Aug-2018,600,611.25,593.2,602.95,6290644,0.49
10-Aug-2018,599.05,608.7,595.45,604.8,3352495,0.96
10-Aug-2018,584.15,612.45,584.15,603.15,6672393,3.25
10-Aug-2018,604.5,613.45,588.1,598.45,5104213,-1.00
10-Aug-2018,569.15,590.7,564.2,588.25,4103152,3.36
10-Aug-2018,550,572.4,549.7,569.5,4127554,3.55
10-Aug-2018,553,558.5,547.05,552.9,1951962,-0.02
10-Aug-2018,559.95,564.55,553.15,554.9,1636201,-0.90
10-Aug-2018,560,560,550.25,552.65,2158972,-1.31
10-Aug-2018,550.95,554.9,542.35,543.75,1959669,-1.31
10-Aug-2018,548,563,547.3,557.65,4791310,1.76
10-Aug-2018,550,554.5,548,550.75,2790912,0.14
10-Aug-2018,544,555.85,542.7,551.7,3485390,1.42
10-Aug-2018,535,544,533.8,542.1,2748547,1.33
10-Aug-2018,540,540,529,533.85,1855191,-1.14
10-Aug-2018,520.7,542.85,520.7,536.3,2795379,3.00
10-Aug-2018,521,527,514.85,525.45,1756809,0.85
10-Aug-2018,519.5,525,514,522.55,1460097,0.59
10-Aug-2018,516.1,525,515.7,519.45,2288877,0.65
10-Aug-2018,503.5,515,503.5,513.95,2204383,2.08
10-Aug-2018,501.1,508.7,500.05,503.1,1115837,0.40
10-Aug-2018,612.05,615.9,605.55,611.9,2226114,-0.02
10-Aug-2018,612.55,619.5,607.05,611.05,2479739,-0.24
10-Aug-2018,604.3,622.5,599.05,619.45,3994302,2.51
10-Aug-2018,609.9,631.2,609.4,629.05,3500770,3.14
10-Aug-2018,601,621.2,601,606.7,3104038,0.95
10-Aug-2018,611.8,617.3,596.95,603.1,3653165,-1.42
10-Aug-2018,610,622,594.95,608.25,2894969,-0.29
10-Aug-2018,601,603,589.4,595.25,3481551,-0.96
10-Aug-2018,598,604.9,586.15,590.35,2343988,-1.28
10-Aug-2018,588.5,614.6,588.5,611.5,5004415,3.91
10-Aug-2018,615,618.6,604,605.65,1676641,-1.52
10-Aug-2018,610,613.7,581.2,584.35,2887255,-4.20
10-Aug-2018,588.75,588.75,563.65,572.45,3170119,-2.77
10-Aug-2018,575,582.2,569,574.2,2273116,-0.14
10-Aug-2018,581.05,598,566.55,595.2,5590807,2.44
10-Aug-2018,592,606.45,592,602.6,4421727,1.79
10-Aug-2018,607,624.95,605,621.45,3490526,2.38
10-Aug-2018,622,627.45,611.05,612.45,2923731,-1.54
10-Aug-2018,618,618.3,602.45,610.55,1905663,-1.21
10-Aug-2018,610.2,615,603.85,612.65,2113430,0.40
10-Aug-2018,608.5,634.9,606.55,630.85,4765322,3.67
10-Aug-2018,631.9,633.9,615,617.25,2424505,-2.32
10-Aug-2018,619.8,626.45,606.55,609.05,1787149,-1.73
10-Aug-2018,615,616.75,603,607.2,1858046,-1.27
10-Aug-2018,609.7,623.1,606.5,619.2,2095483,1.56
10-Aug-2018,621.15,636.4,616.7,619.55,4336200,-0.26
10-Aug-2018,620,624.95,613.6,619.15,2306960,-0.14
10-Aug-2018,617.5,640.75,617.5,639.1,3825750,3.50
10-Aug-2018,641.7,651.95,627.05,631.85,5855371,-1.53
10-Aug-2018,634.7,639,627,634.7,3741772,0.00
10-Aug-2018,634.85,637.4,608,609.9,1731324,-3.93
10-Aug-2018,605,635.3,603.1,633.4,3320421,4.69
10-Aug-2018,635,636.85,621.25,625.85,2428150,-1.44
10-Aug-2018,627,631,616.5,619.05,1785067,-1.27
10-Aug-2018,607.5,625,604.75,623.35,3153066,2.61
10-Aug-2018,623,628.6,617,620.4,1552991,-0.42
10-Aug-2018,625,629.6,619,621.65,1135697,-0.54
10-Aug-2018,621.2,641,616.65,638.7,5534298,2.82
10-Aug-2018,638.7,646.5,634.1,640.3,2095519,0.25
10-Aug-2018,636.5,638,613.5,615.95,3851192,-3.23
10-Aug-2018,618,622,603.25,606.3,2670676,-1.89
10-Aug-2018,616.2,620.75,604.55,617.35,2809480,0.19
10-Aug-2018,616,622,613.8,618.2,1160620,0.36
10-Aug-2018,621,622.5,613.25,614.85,1427650,-0.99
10-Aug-2018,620.9,629.5,611.5,626.45,2085181,0.89
10-Aug-2018,626.05,636.8,620.65,633.35,2139871,1.17
10-Aug-2018,636.4,655,634.05,652.8,3614281,2.58
10-Aug-2018,652.55,673.85,641.1,671.55,5653116,2.91
10-Aug-2018,658.1,682.8,657.5,668.7,3931095,1.61
10-Aug-2018,671,672.5,661.65,668.3,1576573,-0.40
10-Aug-2018,668.95,674,654.2,656.8,1676060,-1.82
10-Aug-2018,662.95,669.25,655.95,665.2,2662071,0.34
10-Aug-2018,667,706,667,700.5,5490181,5.02
10-Aug-2018,694.55,729.5,690.6,702,6998046,1.07
10-Aug-2018,695,699.75,680,682.7,2728320,-1.77
10-Aug-2018,685.9,699.95,677,686.4,4560558,0.07
10-Aug-2018,681,697,680.65,691.1,2852323,1.48
10-Aug-2018,695.05,695.85,668.45,670.5,3756249,-3.53
10-Aug-2018,675,684.15,668.1,670.6,2639069,-0.65
10-Aug-2018,674,674,655.5,662.55,1745715,-1.70
10-Aug-2018,662.55,667,645.9,652.95,2284475,-1.45
10-Aug-2018,652.95,665.6,636.45,662.65,3162498,1.49
10-Aug-2018,671.75,675.5,654.2,657.4,2770174,-2.14
10-Aug-2018,663,666.4,651.05,653.35,1771130,-1.46
10-Aug-2018,653,665.75,648.3,654.1,2193797,0.17
10-Aug-2018,656.65,671.9,656.65,663.6,3927593,1.06
10-Aug-2018,663,671.75,654.2,666.45,2880596,0.52
10-Aug-2018,661.6,670,658.25,667.25,1436196,0.85
10-Aug-2018,664.6,680,663.3,670.65,2427422,0.91
10-Aug-2018,671,678.7,669,672.7,1690858,0.25
10-Aug-2018,679,681,666.3,675.8,2022339,-0.47
10-Aug-2018,679.8,697.5,671.25,692.95,4304706,1.93
10-Aug-2018,692,695.9,678.25,685.35,2342450,-0.96
10-Aug-2018,683.6,690.5,675,686.4,1797801,0.41
10-Aug-2018,687,707.3,683.25,697.45,3516538,1.52
10-Aug-2018,700.95,715.9,695.85,711.35,5914361,1.48
10-Aug-2018,714.95,718.7,696,702.75,3547180,-1.71
10-Aug-2018,713.95,713.95,662.35,675.25,8983562,-5.42
10-Aug-2018,676.05,686.5,673.25,677.85,2684315,0.27
10-Aug-2018,678,691.25,678,687.25,3744400,1.36
10-Aug-2018,686,717.8,682.45,712.35,7789699,3.84
10-Aug-2018,712,721.5,698.2,701.15,4585884,-1.52
10-Aug-2018,698,717,695.4,698.3,2864750,0.04
10-Aug-2018,703,714.8,697.35,701.25,3710175,-0.25
10-Aug-2018,705,706.5,684.3,691.75,2793493,-1.88
10-Aug-2018,694.5,703.9,683,701.85,3166739,1.06
10-Aug-2018,705,721.3,703.5,706.95,4572713,0.28
10-Aug-2018,709,721.9,705.5,714.2,4023019,0.73
10-Aug-2018,715.1,718.65,706.3,709.1,2200939,-0.84
10-Aug-2018,715,715.1,706.4,713.8,2429450,-0.17
10-Aug-2018,711,717.9,690,698.8,4483300,-1.72
10-Aug-2018,702.5,712,695.2,707.25,3273882,0.68
10-Aug-2018,711,714.15,701.35,710.55,1693522,-0.06
10-Aug-2018,708.95,712,694.5,695.75,2008178,-1.86
10-Aug-2018,699.9,700.5,688.3,690.55,2117024,-1.34
10-Aug-2018,694.7,702.75,682.2,685.3,2599578,-1.35
10-Aug-2018,686,692.8,679.5,691.15,1604665,0.75
10-Aug-2018,692.95,699.9,691,696.15,1850829,0.46
10-Aug-2018,695,699.9,682.15,687.85,1687463,-1.03
10-Aug-2018,692,716.9,690,714.25,5570107,3.22
10-Aug-2018,716.05,721.75,659.25,664.25,8192199,-7.23
10-Aug-2018,673.9,675.8,634.15,655.45,10890801,-2.74
10-Aug-2018,657.95,669.5,640,657.2,4422723,-0.11
10-Aug-2018,659.95,666.2,654.3,660.85,3506534,0.14
10-Aug-2018,665.35,665.4,652,654.5,2070241,-1.63
10-Aug-2018,662,663.05,645,646.65,2864186,-2.32
10-Aug-2018,649.7,651.05,633,634.9,5193752,-2.28
10-Aug-2018,640,648.35,637,643.85,1990065,0.60
10-Aug-2018,649,661,645.3,650.75,3496172,0.27
10-Aug-2018,655,669.8,651.05,654.4,5529491,-0.09
10-Aug-2018,659.3,664,645,647.7,3416881,-1.76
10-Aug-2018,647,655,635.5,641.05,3194276,-0.92
10-Aug-2018,643.95,661.55,638.2,657.3,2856991,2.07
10-Aug-2018,654,664.9,644.55,646.8,2658597,-1.10
10-Aug-2018,650,654.9,640,646.3,2568607,-0.57
10-Aug-2018,646.3,654.95,640,642.2,1610766,-0.63
10-Aug-2018,644.1,661.75,643.5,659.45,2868824,2.38
10-Aug-2018,658,660.95,639.5,648.55,3696991,-1.44
10-Aug-2018,653.65,654.9,639.1,641.5,3855335,-1.86
10-Aug-2018,644,646.15,627.2,631.35,2269581,-1.96
10-Aug-2018,624,634.6,612.4,632.05,3542338,1.29
10-Aug-2018,632.9,649.65,623.65,645.1,3040306,1.93
10-Aug-2018,648,658.75,646.3,655.45,3393232,1.15
10-Aug-2018,661,684.9,661,680.75,9680690,2.99
10-Aug-2018,684.4,687.5,672.6,681.1,2887901,-0.48
10-Aug-2018,678.8,683.35,666.5,669,1958340,-1.44
10-Aug-2018,672,674.95,654.75,662.75,2862463,-1.38
10-Aug-2018,662.75,672.95,662.75,667.1,2226904,0.66
10-Aug-2018,670,674.75,652,658.75,2689721,-1.68
10-Aug-2018,660,666.9,650.5,653.9,2074919,-0.92
09-Aug-2018,655,658.5,643.9,646.2,2146227,-1.34
30-Dec-2016,482,493,482,488.9,1817123,1.43
29-Dec-2016,471.05,484.45,469.5,482.7,2079991,2.47
28-Dec-2016,469,477,469,474.15,1658315,1.10
27-Dec-2016,460.5,474,460.05,468.2,1061513,1.67
26-Dec-2016,463.25,468.05,460.4,463.6,572307,0.08
23-Dec-2016,474,477.45,465.25,467.1,942216,-1.46
22-Dec-2016,472.3,477.2,464.55,473.95,932766,0.35
21-Dec-2016,478,479.6,472.5,474.45,667563,-0.74
20-Dec-2016,476.9,480.75,473.65,476.75,1919780,-0.03
19-Dec-2016,474,475.6,470.45,473.35,1389090,-0.14
16-Dec-2016,481.4,482.1,475,477.15,2185723,-0.88
15-Dec-2016,475.25,482,468.05,477.45,3292408,0.46
14-Dec-2016,484,487,473.35,476.65,1702307,-1.52
13-Dec-2016,470,487.5,467.3,484.55,1863492,3.10
12-Dec-2016,473.95,474.05,466.7,469.4,709914,-0.96
09-Dec-2016,467,474.95,465,471.7,2017058,1.01
08-Dec-2016,459.9,465.6,457.1,463.75,1158682,0.84
07-Dec-2016,468.85,470,453.75,455.6,1540255,-2.83
06-Dec-2016,463,469.5,462.4,465.45,1073627,0.53
05-Dec-2016,467,476.6,459.35,462.4,1727408,-0.99
02-Dec-2016,477,481.95,471,473.4,2450542,-0.75
01-Dec-2016,480.05,485.2,471.4,475.05,2059534,-1.04
30-Nov-2016,487.25,489.8,481.35,485.2,2604888,-0.42
29-Nov-2016,489.4,494.4,481.3,483.85,2029150,-1.13
28-Nov-2016,485.95,495.85,482.5,489.35,2279428,0.70
25-Nov-2016,461.9,489.5,461.15,487.25,4561987,5.49
24-Nov-2016,450.7,464.5,450.1,458.65,2574455,1.76
23-Nov-2016,457,458.95,448.05,453.1,1950811,-0.85
22-Nov-2016,448,455,446.2,453.4,2409601,1.21
21-Nov-2016,445.9,452,440.9,447.15,2718966,0.28
18-Nov-2016,440,449,437.8,445.3,2041621,1.20
17-Nov-2016,447,455,439.5,441.85,2616362,-1.15
16-Nov-2016,434,448,433,443.6,9156138,2.21
15-Nov-2016,435,437.2,427.3,430.95,6787283,-0.93
11-Nov-2016,440,440,428,429.4,1161656,-2.41
10-Nov-2016,447.5,449.15,435,442.25,3301285,-1.17
09-Nov-2016,419.9,444,409,434.5,4852450,3.48
08-Nov-2016,446.2,455.8,445.35,454.15,5501834,1.78
07-Nov-2016,435,449.45,430.55,444.85,7039296,2.26
04-Nov-2016,428,434.9,414.8,430.05,7835863,0.48
03-Nov-2016,431,432,424,428,2159069,-0.70
02-Nov-2016,422.25,433.45,422.25,429.8,3387397,1.79
01-Nov-2016,436,436,429.55,433.55,4643934,-0.56
30-Oct-2016,436.5,445,436,439.7,491631,0.73
28-Oct-2016,429,444,429,435.65,12710319,1.55
27-Oct-2016,423,426.55,412.65,414.1,3706854,-2.10
26-Oct-2016,434,435,421.95,423.05,2685974,-2.52
25-Oct-2016,431,437.75,429.3,434.05,1684650,0.71
24-Oct-2016,436,438.5,427.6,429.15,2292196,-1.57
21-Oct-2016,428.85,436.1,422.2,434.1,4853235,1.22
20-Oct-2016,424.25,429.2,421.2,425,2133653,0.18
19-Oct-2016,427.85,436.45,419.1,424.9,4525016,-0.69
18-Oct-2016,408,430.8,405.75,425.1,7264158,4.19
17-Oct-2016,421,421,405.5,408.55,3248168,-2.96
14-Oct-2016,423.5,429.65,418,419.1,6379695,-1.04
13-Oct-2016,421.7,424.7,417.5,422.2,2473032,0.12
10-Oct-2016,421.5,424.8,417,421.85,997527,0.08
07-Oct-2016,421.9,424.4,417.2,419.75,1562901,-0.51
06-Oct-2016,425,428.65,419.15,420.75,1559084,-1.00
05-Oct-2016,431.1,433,423.25,425.3,1476240,-1.35
04-Oct-2016,424.65,431.9,422.25,428.7,2145572,0.95
03-Oct-2016,420,425,418.2,420.7,1754766,0.17
30-Sep-2016,435,435,418.7,419.85,2210429,-3.48
29-Sep-2016,444,444,424.3,427.15,4331711,-3.80
28-Sep-2016,449,449,439.4,440.5,1785763,-1.89
27-Sep-2016,446,453.4,446,447.85,1306463,0.41
26-Sep-2016,452.05,454.2,446,448.95,1027167,-0.69
23-Sep-2016,458,458,452.85,454.6,2221151,-0.74
22-Sep-2016,465,466.8,453.75,454.75,2766927,-2.20
21-Sep-2016,464,465.75,455.1,461.15,2142358,-0.61
20-Sep-2016,469,469,460.25,462.2,913111,-1.45
19-Sep-2016,468.2,474.7,464.35,466.6,1134564,-0.34
16-Sep-2016,467.4,469,459,465.3,1477056,-0.45
15-Sep-2016,469,471.9,460.8,462.75,956858,-1.33
14-Sep-2016,466.7,472.6,463.65,466.7,1321007,0.00
12-Sep-2016,454,466.4,453,463.85,1746181,2.17
09-Sep-2016,458,465.45,451.3,458.3,1469794,0.07
08-Sep-2016,465,466.95,455,459.05,3145694,-1.28
07-Sep-2016,481.2,483.5,470.15,471.85,1254946,-1.94
06-Sep-2016,470,481.25,467.4,480.05,1553926,2.14
02-Sep-2016,469.95,474.2,465.95,471.85,1070131,0.40
01-Sep-2016,470,476.4,466.3,469.15,1046734,-0.18
31-Aug-2016,462,473.8,461.55,468.8,1779070,1.47
30-Aug-2016,451.5,464.7,451.2,462.95,981748,2.54
29-Aug-2016,462.7,462.7,448.55,449.55,797904,-2.84
26-Aug-2016,460,463.7,457,459.95,857182,-0.01
25-Aug-2016,470.2,470.95,455.9,458.1,1769817,-2.57
24-Aug-2016,467,471.7,463.5,467.05,894108,0.01
23-Aug-2016,466.7,474.5,461.5,465.8,1617568,-0.19
22-Aug-2016,472,474.3,465,466.35,1107412,-1.20
19-Aug-2016,470,477.2,470,473.2,3664586,0.68
18-Aug-2016,477.65,478.7,468.25,469.5,1005420,-1.71
17-Aug-2016,483.1,487,472.2,474.65,913427,-1.75
16-Aug-2016,490.55,491.75,478.25,482.95,2087382,-1.55
12-Aug-2016,504,504,488.4,493.35,3618973,-2.11
11-Aug-2016,501,501.9,495.3,500.1,1681953,-0.18
10-Aug-2016,504,504,491.5,497.2,1326514,-1.35
09-Aug-2016,505,505.8,495.55,502.5,1299439,-0.50
08-Aug-2016,496,504.5,496,503.65,913042,1.54
05-Aug-2016,502,507.5,493.3,495.05,1681614,-1.38
04-Aug-2016,498.9,503.9,494.2,499.95,793067,0.21
03-Aug-2016,501.2,503.95,493.1,496.9,1196987,-0.86
02-Aug-2016,486,509.7,485.1,499.2,4792350,2.72
01-Aug-2016,485.2,493,476.1,490.15,2125956,1.02
29-Jul-2016,488.95,490.9,482.55,487.95,1134853,-0.20
28-Jul-2016,498,499,482.1,485.55,1867921,-2.50
27-Jul-2016,502.1,506.45,501.1,504.25,744952,0.43
26-Jul-2016,508,512.75,500,502.5,3069751,-1.08
25-Jul-2016,505,511.4,502.8,508.4,1028518,0.67
22-Jul-2016,507,508.5,504.4,504.9,1008674,-0.41
21-Jul-2016,506,508.5,503.2,505.3,528981,-0.14
20-Jul-2016,504.25,509.6,504.1,505.35,1424321,0.22
19-Jul-2016,506.8,511.9,504.05,507.6,1013525,0.16
18-Jul-2016,505.1,509.9,503,506.6,1132642,0.30
15-Jul-2016,520.7,523.8,501.9,504.05,2417368,-3.20
14-Jul-2016,506.95,519.5,506.5,518.15,753846,2.21
13-Jul-2016,509,511.5,504.95,506.55,1194115,-0.48
12-Jul-2016,509.15,511.9,505,507.2,931824,-0.38
11-Jul-2016,505.95,512.4,504.45,508.4,729356,0.48
08-Jul-2016,501,507.45,499,502.95,733349,0.39
07-Jul-2016,512.8,515,503.5,504.55,1036078,-1.61
05-Jul-2016,516.8,519,513.05,515.25,456205,-0.30
04-Jul-2016,511,524,510.55,519.1,1250195,1.59
01-Jul-2016,508.2,516.55,506.3,511.4,715389,0.63
30-Jun-2016,509.1,509.7,502.35,505.75,2334281,-0.66
29-Jun-2016,504.5,507.25,499.3,504.95,1209538,0.09
28-Jun-2016,505,512.6,500.1,501,1518673,-0.79
27-Jun-2016,499,509,499,504.65,1135682,1.13
24-Jun-2016,513,516.95,493.55,507.05,3567473,-1.16
23-Jun-2016,533.1,535,526.65,531.35,1027592,-0.33
22-Jun-2016,540.8,542,530.55,532.75,1211966,-1.49
21-Jun-2016,543.9,544.3,533,535,1344360,-1.64
20-Jun-2016,534,548.85,532.1,544.3,1592795,1.93
17-Jun-2016,533.1,542,532.3,535.25,946013,0.40
16-Jun-2016,537.05,543.35,530.5,533.1,1181394,-0.74
15-Jun-2016,535,542,530,540.9,648970,1.10
14-Jun-2016,531.05,537.4,528.5,533.3,736886,0.42
13-Jun-2016,534.2,536.4,528.55,534.1,852440,-0.02
10-Jun-2016,535.7,540.45,530.75,537.55,565211,0.35
09-Jun-2016,537.9,537.9,528.3,534.45,1085142,-0.64
08-Jun-2016,540,540,533,535.65,739380,-0.81
07-Jun-2016,544.9,544.9,533.45,536.3,1763517,-1.58
06-Jun-2016,550.8,551.9,534.25,539.6,1614098,-2.03
03-Jun-2016,551.45,557.55,546.15,551.7,1706048,0.05
02-Jun-2016,537,552.5,537,546.15,1862166,1.70
01-Jun-2016,541,543.2,537.3,540,1093756,-0.18
31-May-2016,544.1,548,536.65,540.35,2896981,-0.69
30-May-2016,535.8,564,535,543.55,2901801,1.45
27-May-2016,539,541,533.6,535.9,1572528,-0.58
26-May-2016,530,547,520.25,542.3,3270866,2.32
25-May-2016,499.1,532,494.5,528.5,10804773,5.89
24-May-2016,476,485.7,464.6,480.25,2610091,0.89
23-May-2016,478.1,481,472.8,476.45,1069529,-0.35
20-May-2016,482.3,489.45,474.85,475.85,741237,-1.34
19-May-2016,484.2,487.5,481.15,484,1292336,-0.04
18-May-2016,481.05,486.25,480,484.75,1371699,0.77
17-May-2016,489,493.9,481.8,483.8,868879,-1.06
16-May-2016,479,494.9,477.85,486.95,1732776,1.66
13-May-2016,482,483.5,476.2,479.8,1078921,-0.46
12-May-2016,471.5,484.4,471.5,481.2,1123199,2.06
11-May-2016,477.9,483.6,471.5,473.9,1749723,-0.84
10-May-2016,479.45,485.6,475.65,482.7,2296911,0.68
09-May-2016,475.1,480.65,474,478.6,827632,0.74
06-May-2016,475.2,479,470.4,473.05,948747,-0.45
05-May-2016,466.8,482,465,479.35,1484568,2.69
04-May-2016,464,471.1,459.7,466.95,1379336,0.64
03-May-2016,477.2,483.4,465,467.2,1721645,-2.10
02-May-2016,485,485,475.6,477.2,1076011,-1.61
29-Apr-2016,477,489,476,486.15,2295767,1.92
28-Apr-2016,480,483.8,468.2,480.15,4152895,0.03
27-Apr-2016,477,484.1,473.4,479.25,955123,0.47
26-Apr-2016,472.2,477,465.7,475.5,1123091,0.70
25-Apr-2016,481.8,484.7,469.1,472,784214,-2.03
22-Apr-2016,477.05,487.75,474.6,479.9,2058353,0.60
21-Apr-2016,484,486.5,474.1,476.35,1179377,-1.58
20-Apr-2016,480,488.5,476,483.55,1450742,0.74
18-Apr-2016,475,482,472.25,476.7,1780726,0.36
13-Apr-2016,469.5,472.6,465.9,471.4,1062026,0.40
12-Apr-2016,469.75,472.7,460.1,464.45,1901106,-1.13
11-Apr-2016,455.85,471.4,451,469.6,1008816,3.02
08-Apr-2016,444.4,457.8,444,455.85,2043759,2.58
07-Apr-2016,454.8,459,442.9,444.45,1891494,-2.28
06-Apr-2016,463.5,465.35,448.4,453,2671558,-2.27
05-Apr-2016,472.5,473,460.1,462.25,1430387,-2.17
04-Apr-2016,468,474,466.2,470.55,1708093,0.54
01-Apr-2016,476,476.05,460,463.1,2394963,-2.71
31-Mar-2016,475,483,473.2,474.95,4630177,-0.01
30-Mar-2016,471,478.8,465.75,472.85,3203825,0.39
29-Mar-2016,475.1,479.85,464,467.6,2044000,-1.58
28-Mar-2016,482,485.25,464,474.7,3609846,-1.51
23-Mar-2016,484,484.65,474.65,479.9,1458923,-0.85
22-Mar-2016,490.1,492.75,480.2,484.2,2064995,-1.20
21-Mar-2016,492.45,498.4,486,490.1,1653354,-0.48
18-Mar-2016,488,496,483.15,492.45,3064899,0.91
17-Mar-2016,471,490,471,486.75,2474194,3.34
16-Mar-2016,457,469.15,456.5,465.8,1223337,1.93
15-Mar-2016,472.6,475.25,459,460.3,996244,-2.60
14-Mar-2016,460,472.3,458,470.2,5115313,2.22
11-Mar-2016,467.95,470,455.6,458.05,1025718,-2.12
10-Mar-2016,469.85,473.2,464.2,466.15,3266594,-0.79
09-Mar-2016,443.9,467.5,442.1,464.15,4030260,4.56
08-Mar-2016,455,459.55,445,448.85,2050957,-1.35
04-Mar-2016,460,462,449.95,451.25,2756908,-1.90
03-Mar-2016,459.7,464,452.2,461.75,2371409,0.45
02-Mar-2016,438.45,460.75,434.05,455.55,2339747,3.90
01-Mar-2016,417,435,416,432.25,1570024,3.66
29-Feb-2016,417.5,424,407.4,415.55,1555018,-0.47
26-Feb-2016,419.25,424.95,411.3,417.75,1912583,-0.36
25-Feb-2016,421.9,423.8,411,416.3,2406282,-1.33
24-Feb-2016,425,428,418.35,422.05,822293,-0.69
23-Feb-2016,431.7,432.4,424,428.6,1074713,-0.72
22-Feb-2016,440.55,441.9,426.55,431.7,1155619,-2.01
19-Feb-2016,428.6,442.55,426.55,440.5,1644603,2.78
18-Feb-2016,434.95,435.9,422.9,429.4,1262032,-1.28
17-Feb-2016,422.35,431.5,415.15,429.55,1169666,1.70
16-Feb-2016,434.95,436.4,419.65,422.85,979478,-2.78
15-Feb-2016,432.15,439.1,428.1,430.3,1888109,-0.43
12-Feb-2016,438,439.15,425.25,430,1443312,-1.83
11-Feb-2016,440.4,443.1,429,431.95,1731120,-1.92
10-Feb-2016,447.9,447.9,436.75,440.4,2686031,-1.67
09-Feb-2016,465,467.85,446.45,448.25,2352111,-3.60
08-Feb-2016,471.5,482,468.2,470.65,598666,-0.18
05-Feb-2016,471.9,476.3,468.1,475.1,1196754,0.68
04-Feb-2016,478.9,478.9,465.1,469.45,1465102,-1.97
03-Feb-2016,471,476.8,465.5,472.2,2019903,0.25
02-Feb-2016,496,499.35,472.1,474.45,5733789,-4.34
01-Feb-2016,504.95,518.4,496.15,497.6,2717866,-1.46
29-Jan-2016,500,505.65,492.95,501.4,1583928,0.28
28-Jan-2016,505,509.25,495.9,500.05,2091098,-0.98
27-Jan-2016,514,515.6,501,503.05,2171390,-2.13
25-Jan-2016,517,523.75,513.5,514.55,689789,-0.47
22-Jan-2016,513,516.75,503.7,514.25,894565,0.24
21-Jan-2016,508,516.3,506.55,507.35,1873696,-0.13
20-Jan-2016,507.25,512.8,503.6,507,2002842,-0.05
20-Jan-2016,518,521.6,510.1,512.5,978429,-1.06
18-Jan-2016,516,526.95,514.2,517.4,1035936,0.27
15-Jan-2016,519,529.95,511.85,520.55,1612782,0.30
14-Jan-2016,497,516,494.05,514,2022474,3.42
13-Jan-2016,508,512.25,496.75,504.45,1431164,-0.70
12-Jan-2016,507.95,509.3,498,507.4,1836753,-0.11
11-Jan-2016,517,517,505.85,507.3,1791903,-1.88
08-Jan-2016,516,526.25,512.75,522.15,1426135,1.19
07-Jan-2016,521.1,522.45,504,510.8,2014798,-1.98
06-Jan-2016,522,527,520.8,525.1,1456740,0.59
05-Jan-2016,516.95,523.3,516.6,521.9,1707124,0.96
04-Jan-2016,520.05,521.3,505,516.4,2684305,-0.70
01-Jan-2016,524.9,524.9,518.5,520.05,312042,-0.92
31-Dec-2015,523.3,526,520.35,521.65,421683,-0.32
30-Dec-2015,519.5,528,519.25,525.15,1227498,1.09
30-Dec-2015,520.95,522,518,518.95,570433,-0.38
29-Dec-2015,516.05,520.5,512.4,518.8,1083432,0.53
24-Dec-2015,520,521.75,516,516.95,453150,-0.59
24-Dec-2015,525,525.05,516.6,518.05,697224,-1.32
23-Dec-2015,524,526.8,518.9,519.55,666767,-0.85
22-Dec-2015,519.4,524.4,514.05,521.85,874232,0.47
22-Dec-2015,525.7,528,521.5,523.25,1534964,-0.47
22-Dec-2015,525.5,532.15,520.6,530,2067366,0.86
16-Dec-2015,522.55,531,520.1,523.35,1399927,0.15
14-Dec-2015,530.4,540.5,523.8,538.75,702931,1.57
14-Dec-2015,531,537.5,525.1,527.35,1223560,-0.69
14-Dec-2015,544.95,546,528.6,530.7,1061492,-2.61
14-Dec-2015,536,546.5,535.15,544.65,788606,1.61
14-Dec-2015,539.95,544.6,534,536.35,938866,-0.67
14-Dec-2015,539.6,544.5,536,542.6,852540,0.56
14-Dec-2015,543,545.6,537.15,540,715680,-0.55
14-Dec-2015,533,543.1,533,542.15,1079295,1.72
